{"type": "FeatureCollection", "features": [{"type": "Feature", "properties": {"session": "2026-09-27", "metres_shown": 14673, "metres_ridden": 10826, "note": "ends trimmed"}, "geometry": {"type": "LineString", "coordinates": [[99.047877, 18.785769], [99.047877, 18.785772], [99.047877, 18.785773], [99.047876, 18.785773], [99.047876, 18.785772], [99.047876, 18.785772], [99.047875, 18.785774], [99.047873, 18.785774], [99.04787, 18.785774], [99.047869, 18.785774], [99.047868, 18.785774], [99.047868, 18.785774], [99.047866, 18.785775], [99.047866, 18.785776], [99.047866, 18.785776], [99.047864, 18.785774], [99.04786, 18.785772], [99.047856, 18.785769], [99.047851, 18.785768], [99.047849, 18.785766], [99.047845, 18.785768], [99.047841, 18.785774], [99.047837, 18.785776], [99.047833, 18.785779], [99.047828, 18.785783], [99.047825, 18.785786], [99.047823, 18.785794], [99.047821, 18.785799], [99.047827, 18.785797], [99.047826, 18.785799], [99.047823, 18.785803], [99.047819, 18.785808], [99.047815, 18.785812], [99.047808, 18.785818], [99.047795, 18.785816], [99.047788, 18.785824], [99.047788, 18.785834], [99.047791, 18.78584], [99.047796, 18.785843], [99.047799, 18.785848], [99.047802, 18.785855], [99.047801, 18.785863], [99.047799, 18.785869], [99.0478, 18.785873], [99.047798, 18.785873], [99.047798, 18.78587], [99.047796, 18.78587], [99.047795, 18.785872], [99.047795, 18.785871], [99.047795, 18.785873], [99.047798, 18.785874], [99.0478, 18.785877], [99.047802, 18.785879], [99.047804, 18.785878], [99.047804, 18.785879], [99.047803, 18.78588], [99.047802, 18.78588], [99.047802, 18.78588], [99.0478, 18.78588], [99.0478, 18.78588], [99.047799, 18.785879], [99.047798, 18.785878], [99.047798, 18.785879], [99.047799, 18.785879], [99.0478, 18.785881], [99.047805, 18.785884], [99.047813, 18.785887], [99.04782, 18.785888], [99.047829, 18.785891], [99.047837, 18.785892], [99.047846, 18.785894], [99.047855, 18.785893], [99.047862, 18.785891], [99.04787, 18.785886], [99.047877, 18.785881], [99.047883, 18.785876], [99.04789, 18.785873], [99.047897, 18.785871], [99.047902, 18.785869], [99.047907, 18.785866], [99.047911, 18.785865], [99.047915, 18.785865], [99.04792, 18.785863], [99.047925, 18.785861], [99.047931, 18.785859], [99.047938, 18.785856], [99.047947, 18.785854], [99.047956, 18.78585], [99.047966, 18.785846], [99.047976, 18.785842], [99.047989, 18.785836], [99.048004, 18.785832], [99.048019, 18.785828], [99.048032, 18.785827], [99.048049, 18.785825], [99.048066, 18.785824], [99.048085, 18.785824], [99.048105, 18.785827], [99.048147, 18.78584], [99.048206, 18.785859], [99.048262, 18.785878], [99.048315, 18.785899], [99.048368, 18.785918], [99.048418, 18.785936], [99.048463, 18.785952], [99.048508, 18.785968], [99.048549, 18.785986], [99.048588, 18.786004], [99.048627, 18.786016], [99.048664, 18.786028], [99.048703, 18.786039], [99.048743, 18.786051], [99.048783, 18.78606], [99.048827, 18.786073], [99.048867, 18.786087], [99.048908, 18.786104], [99.04895, 18.786123], [99.04899, 18.786141], [99.049027, 18.786159], [99.049061, 18.786176], [99.049078, 18.786185], [99.049096, 18.786193], [99.049113, 18.786202], [99.049129, 18.78621], [99.049145, 18.786218], [99.04916, 18.786227], [99.049176, 18.786232], [99.04919, 18.78624], [99.049201, 18.786246], [99.04921, 18.786251], [99.049215, 18.786256], [99.049219, 18.786258], [99.049219, 18.786259], [99.04922, 18.786258], [99.04922, 18.786258], [99.049221, 18.786258], [99.049221, 18.786258], [99.04922, 18.786258], [99.049219, 18.786257], [99.04922, 18.786257], [99.049222, 18.786257], [99.049226, 18.786258], [99.049231, 18.786259], [99.04924, 18.786261], [99.04925, 18.786259], [99.049263, 18.786256], [99.04928, 18.786248], [99.049297, 18.786237], [99.04934, 18.786202], [99.049387, 18.786152], [99.049437, 18.786095], [99.049488, 18.786035], [99.049541, 18.785972], [99.049592, 18.785908], [99.049642, 18.785839], [99.049691, 18.785765], [99.049736, 18.785692], [99.049777, 18.785622], [99.049815, 18.785557], [99.049856, 18.785494], [99.049899, 18.785434], [99.049942, 18.78538], [99.049985, 18.785324], [99.050023, 18.785272], [99.050057, 18.785222], [99.050088, 18.785168], [99.050113, 18.785111], [99.050133, 18.78505], [99.050149, 18.784986], [99.050163, 18.784921], [99.050178, 18.784855], [99.050191, 18.784794], [99.050204, 18.784734], [99.050218, 18.784668], [99.050235, 18.784595], [99.050252, 18.78452], [99.050266, 18.784447], [99.050281, 18.784373], [99.050295, 18.7843], [99.05031, 18.78423], [99.050333, 18.784163], [99.050365, 18.784097], [99.050401, 18.784031], [99.050438, 18.783964], [99.05047, 18.783898], [99.050499, 18.783831], [99.050529, 18.783759], [99.05056, 18.783687], [99.050599, 18.783614], [99.05064, 18.783542], [99.050679, 18.783467], [99.050714, 18.783392], [99.050746, 18.783314], [99.050773, 18.783238], [99.050797, 18.783162], [99.050819, 18.783081], [99.05084, 18.782991], [99.05086, 18.782901], [99.050876, 18.782818], [99.050894, 18.782736], [99.050911, 18.782657], [99.050929, 18.782577], [99.05095, 18.782496], [99.050971, 18.782419], [99.050992, 18.782344], [99.051012, 18.782271], [99.05103, 18.782202], [99.051049, 18.782134], [99.051066, 18.782072], [99.05108, 18.782013], [99.051093, 18.781955], [99.051102, 18.781899], [99.051109, 18.781846], [99.051113, 18.781796], [99.051118, 18.781747], [99.051125, 18.781701], [99.051134, 18.781652], [99.051144, 18.781598], [99.051155, 18.781547], [99.051166, 18.781499], [99.051178, 18.781449], [99.05119, 18.781399], [99.051201, 18.78135], [99.051212, 18.781299], [99.051222, 18.781247], [99.051233, 18.781193], [99.051249, 18.781132], [99.051267, 18.781063], [99.051286, 18.780986], [99.051304, 18.78091], [99.051322, 18.780837], [99.05134, 18.780762], [99.051357, 18.78069], [99.051372, 18.780621], [99.051388, 18.780554], [99.051403, 18.780491], [99.051416, 18.78043], [99.051427, 18.780363], [99.051435, 18.7803], [99.051445, 18.780241], [99.051458, 18.780177], [99.05147, 18.780108], [99.051482, 18.780037], [99.051497, 18.779962], [99.051513, 18.779882], [99.051527, 18.779797], [99.05154, 18.779707], [99.051551, 18.779616], [99.05156, 18.779528], [99.051568, 18.779443], [99.051575, 18.779365], [99.051582, 18.779291], [99.051589, 18.779224], [99.051596, 18.77916], [99.051603, 18.779098], [99.051609, 18.779037], [99.051616, 18.778976], [99.051621, 18.778918], [99.051625, 18.778866], [99.051631, 18.778819], [99.051636, 18.778774], [99.051643, 18.778733], [99.05165, 18.778694], [99.051657, 18.778658], [99.05166, 18.778641], [99.051662, 18.778627], [99.051664, 18.778614], [99.051666, 18.778602], [99.051669, 18.778592], [99.051674, 18.778582], [99.051678, 18.778573], [99.051683, 18.778565], [99.051688, 18.778558], [99.051693, 18.778551], [99.051699, 18.778545], [99.051704, 18.778539], [99.051711, 18.778535], [99.051719, 18.778532], [99.051727, 18.77853], [99.051735, 18.77853], [99.051743, 18.77853], [99.05175, 18.778533], [99.051757, 18.778537], [99.051762, 18.778543], [99.051766, 18.778549], [99.051767, 18.778556], [99.051766, 18.778563], [99.051764, 18.778569], [99.051759, 18.778574], [99.051754, 18.778579], [99.051747, 18.778582], [99.05174, 18.778585], [99.051731, 18.778586], [99.051723, 18.778585], [99.051715, 18.778582], [99.051707, 18.77858], [99.051701, 18.778576], [99.051696, 18.778574], [99.051692, 18.778572], [99.051676, 18.778573], [99.05167, 18.778576], [99.051665, 18.778577], [99.051658, 18.77858], [99.05165, 18.778586], [99.05164, 18.778595], [99.051628, 18.778611], [99.051619, 18.778632], [99.051607, 18.778681], [99.0516, 18.778735], [99.051593, 18.778799], [99.051586, 18.778876], [99.051578, 18.778963], [99.051569, 18.779051], [99.051562, 18.779136], [99.051554, 18.779221], [99.051546, 18.779308], [99.051538, 18.779393], [99.051528, 18.779478], [99.05152, 18.779564], [99.051509, 18.779649], [99.051498, 18.779734], [99.051483, 18.779819], [99.051467, 18.779903], [99.051452, 18.779984], [99.051437, 18.780058], [99.051423, 18.780128], [99.05141, 18.780199], [99.0514, 18.780272], [99.051392, 18.78034], [99.051384, 18.780407], [99.051374, 18.780474], [99.051359, 18.780542], [99.051342, 18.780618], [99.051322, 18.780692], [99.051305, 18.780759], [99.051287, 18.780825], [99.051269, 18.780893], [99.051253, 18.780965], [99.051239, 18.78104], [99.051226, 18.781112], [99.051211, 18.781183], [99.051194, 18.781255], [99.051177, 18.781327], [99.051159, 18.781396], [99.051141, 18.781466], [99.051124, 18.781536], [99.051109, 18.781602], [99.051097, 18.781662], [99.051087, 18.781719], [99.051079, 18.781776], [99.051069, 18.781834], [99.051058, 18.781889], [99.05105, 18.781942], [99.05104, 18.781998], [99.051025, 18.782061], [99.051009, 18.782132], [99.050994, 18.782203], [99.050978, 18.782271], [99.050963, 18.782341], [99.050947, 18.782414], [99.05093, 18.782486], [99.05091, 18.782558], [99.050889, 18.78263], [99.050871, 18.782697], [99.050855, 18.782757], [99.050842, 18.782812], [99.050831, 18.782867], [99.050821, 18.782923], [99.050812, 18.782974], [99.050804, 18.78302], [99.050796, 18.783057], [99.050793, 18.783073], [99.050789, 18.783089], [99.050784, 18.783106], [99.050778, 18.783124], [99.050766, 18.783168], [99.050748, 18.783222], [99.050726, 18.783285], [99.050702, 18.783347], [99.05068, 18.783403], [99.050658, 18.783447], [99.050634, 18.783477], [99.050618, 18.783486], [99.050601, 18.783492], [99.050582, 18.783495], [99.050561, 18.783499], [99.050506, 18.783507], [99.050442, 18.783518], [99.050377, 18.783531], [99.050308, 18.783544], [99.050235, 18.783553], [99.050166, 18.783559], [99.050097, 18.783562], [99.050033, 18.783562], [99.049973, 18.783558], [99.049918, 18.783553], [99.049866, 18.78355], [99.049815, 18.783548], [99.049767, 18.783547], [99.049729, 18.783545], [99.049712, 18.783543], [99.049696, 18.783542], [99.049682, 18.783541], [99.049669, 18.783539], [99.049659, 18.783537], [99.049651, 18.783535], [99.049646, 18.783531], [99.049676, 18.783544], [99.049683, 18.783545], [99.049694, 18.783546], [99.049708, 18.783549], [99.049725, 18.783551], [99.049744, 18.783553], [99.049763, 18.783554], [99.049806, 18.783556], [99.049857, 18.783558], [99.049912, 18.783561], [99.049965, 18.783565], [99.050021, 18.783568], [99.050077, 18.783568], [99.050135, 18.783565], [99.050193, 18.783561], [99.050249, 18.783555], [99.050301, 18.783547], [99.050351, 18.783538], [99.050398, 18.78353], [99.050444, 18.78352], [99.050486, 18.783512], [99.050505, 18.783508], [99.050521, 18.783506], [99.050536, 18.783503], [99.050549, 18.783502], [99.05056, 18.783502], [99.050569, 18.783503], [99.050577, 18.783504], [99.050582, 18.783507], [99.050587, 18.783509], [99.050589, 18.783511], [99.05059, 18.783514], [99.050592, 18.783518], [99.050592, 18.783525], [99.050591, 18.783534], [99.050588, 18.783547], [99.050582, 18.783561], [99.050573, 18.783578], [99.050564, 18.783594], [99.050555, 18.78361], [99.050546, 18.783628], [99.050526, 18.783666], [99.050509, 18.783703], [99.050492, 18.783743], [99.050476, 18.783782], [99.05046, 18.78382], [99.05044, 18.783865], [99.050413, 18.783918], [99.050387, 18.783971], [99.050361, 18.784024], [99.050338, 18.784071], [99.050315, 18.784114], [99.050292, 18.784158], [99.050273, 18.784207], [99.050257, 18.784259], [99.050245, 18.78432], [99.050235, 18.784385], [99.050224, 18.78445], [99.050209, 18.784519], [99.050191, 18.784592], [99.050172, 18.784668], [99.050156, 18.78474], [99.050143, 18.78481], [99.050128, 18.784878], [99.050115, 18.784944], [99.050105, 18.785006], [99.050094, 18.785062], [99.050079, 18.785115], [99.050055, 18.785165], [99.050027, 18.785209], [99.049998, 18.785248], [99.049964, 18.785289], [99.049924, 18.785341], [99.049881, 18.785402], [99.049837, 18.785472], [99.049797, 18.785541], [99.049759, 18.785605], [99.049721, 18.785668], [99.049681, 18.785733], [99.049645, 18.785793], [99.049607, 18.785848], [99.049568, 18.785899], [99.049527, 18.785948], [99.049486, 18.785995], [99.049447, 18.786039], [99.049411, 18.786081], [99.049379, 18.786119], [99.049348, 18.786156], [99.049319, 18.786191], [99.049287, 18.786229], [99.049248, 18.786277], [99.049208, 18.786336], [99.049167, 18.786401], [99.049129, 18.786464], [99.049089, 18.786524], [99.049049, 18.78658], [99.049005, 18.78664], [99.048956, 18.786702], [99.048909, 18.786756], [99.048865, 18.786805], [99.048821, 18.786851], [99.048779, 18.786897], [99.048743, 18.78694], [99.048712, 18.78698], [99.048683, 18.787019], [99.048655, 18.787055], [99.048627, 18.787095], [99.04859, 18.787145], [99.048544, 18.787198], [99.048494, 18.787253], [99.048444, 18.787318], [99.048396, 18.787395], [99.048355, 18.787471], [99.048319, 18.787545], [99.048288, 18.78762], [99.048259, 18.787692], [99.048233, 18.787762], [99.048208, 18.787829], [99.048185, 18.787887], [99.048164, 18.787935], [99.048143, 18.787964], [99.048133, 18.787971], [99.048121, 18.787975], [99.048108, 18.787976], [99.048096, 18.787974], [99.048082, 18.787971], [99.048068, 18.787967], [99.048051, 18.787961], [99.04803, 18.787954], [99.047972, 18.787934], [99.047893, 18.787905], [99.047799, 18.78787], [99.0477, 18.787832], [99.047599, 18.787791], [99.047501, 18.787754], [99.047407, 18.787722], [99.047315, 18.787691], [99.047224, 18.787659], [99.04713, 18.787629], [99.047029, 18.787597], [99.046927, 18.787564], [99.046828, 18.787535], [99.046732, 18.787505], [99.046637, 18.787476], [99.046544, 18.787444], [99.046452, 18.787414], [99.046357, 18.787385], [99.046261, 18.787355], [99.04617, 18.787326], [99.046084, 18.787298], [99.045996, 18.787268], [99.045907, 18.787238], [99.045823, 18.787211], [99.045745, 18.787187], [99.045674, 18.787165], [99.04561, 18.787145], [99.045557, 18.787127], [99.045512, 18.787111], [99.045472, 18.7871], [99.045456, 18.787096], [99.045441, 18.787092], [99.045428, 18.787088], [99.045416, 18.787086], [99.045401, 18.787084], [99.045385, 18.787082], [99.045367, 18.78708], [99.045347, 18.787075], [99.045308, 18.787065], [99.045265, 18.787051], [99.045204, 18.787032], [99.045125, 18.787005], [99.045034, 18.786974], [99.044931, 18.786938], [99.044827, 18.786903], [99.044724, 18.786871], [99.044624, 18.78684], [99.044527, 18.786811], [99.044434, 18.786784], [99.044345, 18.786759], [99.044262, 18.786736], [99.044184, 18.786716], [99.044106, 18.786694], [99.044033, 18.786674], [99.043965, 18.786657], [99.043901, 18.786641], [99.043847, 18.786627], [99.043805, 18.786618], [99.043768, 18.786623], [99.043751, 18.78663], [99.043737, 18.786641], [99.043725, 18.786654], [99.043716, 18.786671], [99.0437, 18.786714], [99.043688, 18.786768], [99.043679, 18.786822], [99.043671, 18.786881], [99.043666, 18.786941], [99.043658, 18.786996], [99.043649, 18.787047], [99.043639, 18.787094], [99.043623, 18.787138], [99.043597, 18.787178], [99.043557, 18.787209], [99.04351, 18.787235], [99.043463, 18.787257], [99.043412, 18.787278], [99.043364, 18.787298], [99.043321, 18.787317], [99.043278, 18.787336], [99.043234, 18.787349], [99.043186, 18.787353], [99.043133, 18.78735], [99.043079, 18.787344], [99.043019, 18.787334], [99.042954, 18.787322], [99.042889, 18.787311], [99.042823, 18.787302], [99.042754, 18.787292], [99.042686, 18.787282], [99.042617, 18.787269], [99.042542, 18.787257], [99.042459, 18.787243], [99.042376, 18.787229], [99.042288, 18.787215], [99.042194, 18.787201], [99.0421, 18.787187], [99.042005, 18.787173], [99.041908, 18.787158], [99.041809, 18.787144], [99.041715, 18.787133], [99.041628, 18.787125], [99.041549, 18.787116], [99.041478, 18.787106], [99.041414, 18.787097], [99.041356, 18.787088], [99.041305, 18.787079], [99.041262, 18.787069], [99.041245, 18.787064], [99.041232, 18.78706], [99.041223, 18.787056], [99.041218, 18.787053], [99.041217, 18.787053], [99.041217, 18.787053], [99.041217, 18.787053], [99.041217, 18.787052], [99.041217, 18.787052], [99.041217, 18.787052], [99.041217, 18.787051], [99.041217, 18.787051], [99.041217, 18.78705], [99.041217, 18.787047], [99.041216, 18.787043], [99.041216, 18.787037], [99.041218, 18.78703], [99.041221, 18.787022], [99.041226, 18.787015], [99.041234, 18.78701], [99.041243, 18.787007], [99.041255, 18.787007], [99.041269, 18.787008], [99.041286, 18.787012], [99.041302, 18.787016], [99.041317, 18.787021], [99.041332, 18.787028], [99.04135, 18.787037], [99.041394, 18.78706], [99.041448, 18.787078], [99.041519, 18.787094], [99.041613, 18.78711], [99.041718, 18.78713], [99.041834, 18.78716], [99.04195, 18.787188], [99.042061, 18.787209], [99.04217, 18.787229], [99.042274, 18.787249], [99.042372, 18.787267], [99.04247, 18.787284], [99.042562, 18.787302], [99.042647, 18.78732], [99.042722, 18.787335], [99.042781, 18.787344], [99.042824, 18.787343], [99.042842, 18.787339], [99.042857, 18.787332], [99.04287, 18.787324], [99.04288, 18.787317], [99.04289, 18.787312], [99.042899, 18.787308], [99.042906, 18.787304], [99.042911, 18.787299], [99.042914, 18.787294], [99.042916, 18.787287], [99.042917, 18.787281], [99.042916, 18.787274], [99.042915, 18.787264], [99.042912, 18.787253], [99.042908, 18.787241], [99.042906, 18.787227], [99.042903, 18.787211], [99.042901, 18.787193], [99.042899, 18.78715], [99.042895, 18.787103], [99.042891, 18.787054], [99.042888, 18.787006], [99.042887, 18.786959], [99.042886, 18.786913], [99.042886, 18.78687], [99.042884, 18.78683], [99.042883, 18.786794], [99.042883, 18.786777], [99.042884, 18.78676], [99.042886, 18.786742], [99.042887, 18.786721], [99.042889, 18.786676], [99.042893, 18.786629], [99.042896, 18.786576], [99.042901, 18.78652], [99.042907, 18.78647], [99.042917, 18.786424], [99.042928, 18.786379], [99.042941, 18.786335], [99.042954, 18.786285], [99.042969, 18.78623], [99.042981, 18.786174], [99.042991, 18.786114], [99.043002, 18.786058], [99.043011, 18.786006], [99.04302, 18.785954], [99.043034, 18.7859], [99.04305, 18.785845], [99.043072, 18.78579], [99.043099, 18.785738], [99.043132, 18.78569], [99.043172, 18.785642], [99.04322, 18.785591], [99.043267, 18.785546], [99.043313, 18.785506], [99.043363, 18.785473], [99.043419, 18.785441], [99.043478, 18.785405], [99.043535, 18.785366], [99.043584, 18.785316], [99.04363, 18.785257], [99.043668, 18.785191], [99.043697, 18.785117], [99.043722, 18.78504], [99.043748, 18.784957], [99.043781, 18.784869], [99.043817, 18.784781], [99.043852, 18.784695], [99.043881, 18.784613], [99.043905, 18.784531], [99.04392, 18.784447], [99.043929, 18.784361], [99.04394, 18.78427], [99.043955, 18.784179], [99.043977, 18.784085], [99.044004, 18.783991], [99.044031, 18.783902], [99.044055, 18.783819], [99.044074, 18.783743], [99.044087, 18.783684], [99.044097, 18.783636], [99.044101, 18.78358], [99.044107, 18.783519], [99.044112, 18.783463], [99.044115, 18.783414], [99.044117, 18.783369], [99.044113, 18.783332], [99.044107, 18.783316], [99.044098, 18.783302], [99.044088, 18.78329], [99.044075, 18.78328], [99.044062, 18.783273], [99.044047, 18.783268], [99.044031, 18.783264], [99.044016, 18.783262], [99.044001, 18.783261], [99.043986, 18.783261], [99.04397, 18.783261], [99.043953, 18.78326], [99.043933, 18.783259], [99.043911, 18.78326], [99.043865, 18.783262], [99.043813, 18.783262], [99.043755, 18.783262], [99.043697, 18.783259], [99.043633, 18.78325], [99.043569, 18.783236], [99.043511, 18.783223], [99.043455, 18.783209], [99.043395, 18.783196], [99.043341, 18.783183], [99.043292, 18.783169], [99.043249, 18.783146], [99.043211, 18.78311], [99.043177, 18.783063], [99.043149, 18.783013], [99.043126, 18.782958], [99.043114, 18.782902], [99.043108, 18.782839], [99.043104, 18.782767], [99.043101, 18.782694], [99.043095, 18.782616], [99.043091, 18.782534], [99.043084, 18.782452], [99.043079, 18.782365], [99.04308, 18.782269], [99.043089, 18.782167], [99.043098, 18.782065], [99.043108, 18.781968], [99.043119, 18.781876], [99.043128, 18.781789], [99.043132, 18.781702], [99.043123, 18.781611], [99.043102, 18.78152], [99.043074, 18.781433], [99.043044, 18.781348], [99.043016, 18.781267], [99.042989, 18.781185], [99.042964, 18.781108], [99.042941, 18.781035], [99.042919, 18.780966], [99.042897, 18.780898], [99.042871, 18.780825], [99.042842, 18.780749], [99.042819, 18.78068], [99.0428, 18.780617], [99.042783, 18.78056], [99.042767, 18.78051], [99.042757, 18.780466], [99.042752, 18.780431], [99.042751, 18.780418], [99.042751, 18.780409], [99.042751, 18.780402], [99.042751, 18.780397], [99.042749, 18.780394], [99.042748, 18.780392], [99.042747, 18.780391], [99.042745, 18.780389], [99.042743, 18.780388], [99.04274, 18.780385], [99.042738, 18.780384], [99.042735, 18.780383], [99.042732, 18.780382], [99.042728, 18.780381], [99.042724, 18.780381], [99.042721, 18.780381], [99.042717, 18.780382], [99.042713, 18.780383], [99.042709, 18.780386], [99.042706, 18.780389], [99.042703, 18.780392], [99.042702, 18.780396], [99.042701, 18.7804], [99.042701, 18.780403], [99.042701, 18.780407], [99.042702, 18.780411], [99.042704, 18.780415], [99.042707, 18.78042], [99.04271, 18.780424], [99.042712, 18.780429], [99.042714, 18.780437], [99.042717, 18.78045], [99.042722, 18.780467], [99.042728, 18.780488], [99.042748, 18.780547], [99.042776, 18.780626], [99.042805, 18.780708], [99.042832, 18.780791], [99.042859, 18.780875], [99.042885, 18.780955], [99.042912, 18.781033], [99.04294, 18.78111], [99.042968, 18.781195], [99.042997, 18.781279], [99.043027, 18.781363], [99.043056, 18.781448], [99.04308, 18.781529], [99.043098, 18.781609], [99.043105, 18.781692], [99.043104, 18.781779], [99.043096, 18.781867], [99.043086, 18.781957], [99.043075, 18.782048], [99.043068, 18.782135], [99.043063, 18.782224], [99.043061, 18.782309], [99.043063, 18.782394], [99.043068, 18.782474], [99.043073, 18.782553], [99.043077, 18.782631], [99.043081, 18.782704], [99.043084, 18.78277], [99.043086, 18.782834], [99.043092, 18.782895], [99.043107, 18.782951], [99.043127, 18.783006], [99.04315, 18.783057], [99.043177, 18.783102], [99.043213, 18.783141], [99.04326, 18.783172], [99.043318, 18.783191], [99.043381, 18.783206], [99.04344, 18.783219], [99.043504, 18.783233], [99.04357, 18.783247], [99.043633, 18.783259], [99.043697, 18.783269], [99.043765, 18.783273], [99.043832, 18.783275], [99.043894, 18.783275], [99.043955, 18.783274], [99.044008, 18.783279], [99.044055, 18.783295], [99.04409, 18.783324], [99.044103, 18.783366], [99.044106, 18.78342], [99.044106, 18.783479], [99.044106, 18.783535], [99.044099, 18.783594], [99.044086, 18.783664], [99.04407, 18.783747], [99.044049, 18.78383], [99.044022, 18.78392], [99.043995, 18.78401], [99.043971, 18.7841], [99.043952, 18.784196], [99.04394, 18.78429], [99.043932, 18.784385], [99.043922, 18.784477], [99.043902, 18.78457], [99.043872, 18.784665], [99.043836, 18.784759], [99.0438, 18.784847], [99.043768, 18.784931], [99.043737, 18.785019], [99.043709, 18.785107], [99.043679, 18.785185], [99.043643, 18.785253], [99.043595, 18.785317], [99.043538, 18.785373], [99.04347, 18.785415], [99.043393, 18.785455], [99.043323, 18.7855], [99.043258, 18.785555], [99.043194, 18.785618], [99.043139, 18.785682], [99.043096, 18.785748], [99.043068, 18.785813], [99.04305, 18.785875], [99.043037, 18.785933], [99.043026, 18.785985], [99.043017, 18.786032], [99.043009, 18.786076], [99.043002, 18.786121], [99.04299, 18.786176], [99.042978, 18.786237], [99.042963, 18.786297], [99.042946, 18.786367], [99.042929, 18.786438], [99.042915, 18.786508], [99.042908, 18.786577], [99.042906, 18.786646], [99.042903, 18.786713], [99.042899, 18.786775], [99.042898, 18.786831], [99.042897, 18.786881], [99.042896, 18.78693], [99.042896, 18.786978], [99.042896, 18.787025], [99.042898, 18.787069], [99.042902, 18.78711], [99.042905, 18.787152], [99.042909, 18.787192], [99.042912, 18.787209], [99.042913, 18.787225], [99.042915, 18.787239], [99.042916, 18.787251], [99.042917, 18.787263], [99.042918, 18.787274], [99.042919, 18.787283], [99.042922, 18.787292], [99.042926, 18.787302], [99.042934, 18.787313], [99.042946, 18.787326], [99.042961, 18.787337], [99.043005, 18.787358], [99.043062, 18.787371], [99.043126, 18.787381], [99.043184, 18.787385], [99.043235, 18.787386], [99.043284, 18.787381], [99.043331, 18.787368], [99.043377, 18.78735], [99.043423, 18.787328], [99.043468, 18.787305], [99.04351, 18.787284], [99.04354, 18.787273], [99.043553, 18.787273], [99.043563, 18.787276], [99.043572, 18.787281], [99.043578, 18.787291], [99.043582, 18.787303], [99.043583, 18.787318], [99.043582, 18.787333], [99.043578, 18.787348], [99.043573, 18.787364], [99.043568, 18.787382], [99.043554, 18.787427], [99.043537, 18.787474], [99.04352, 18.787517], [99.042863, 18.787329], [99.042874, 18.787321], [99.042884, 18.787315], [99.042894, 18.787311], [99.042901, 18.787307], [99.042908, 18.787302], [99.042913, 18.787297], [99.042915, 18.787291], [99.042916, 18.787285], [99.042917, 18.787278], [99.042916, 18.78727], [99.042914, 18.78726], [99.04291, 18.787248], [99.042907, 18.787235], [99.042905, 18.787221], [99.042902, 18.787204], [99.042901, 18.787185], [99.0429, 18.787173], [99.0429, 18.787164], [99.042898, 18.787141], [99.042896, 18.787127], [99.042896, 18.787118], [99.042894, 18.787093], [99.042892, 18.787078], [99.042892, 18.787069], [99.04289, 18.787044], [99.042889, 18.78703], [99.042889, 18.78702], [99.042888, 18.786997], [99.042887, 18.786982], [99.042887, 18.786973], [99.042887, 18.78695], [99.042887, 18.786936], [99.042886, 18.786927], [99.042886, 18.786904], [99.042886, 18.786891], [99.042886, 18.786882], [99.042885, 18.786862], [99.042885, 18.78685], [99.042884, 18.786842], [99.042883, 18.786823], [99.042883, 18.786812], [99.042883, 18.786805], [99.042883, 18.786787], [99.042884, 18.78677], [99.042885, 18.786753], [99.042886, 18.786733], [99.042887, 18.786712], [99.042888, 18.786699], [99.042889, 18.78669], [99.04289, 18.786667], [99.042891, 18.786653], [99.042891, 18.786643], [99.042893, 18.786619], [99.042894, 18.786604], [99.042895, 18.786593], [99.042897, 18.786565], [99.042898, 18.786548], [99.042899, 18.786537], [99.042902, 18.78651], [99.042904, 18.786494], [99.042905, 18.786484], [99.042909, 18.78646], [99.042912, 18.786446], [99.042914, 18.786437], [99.042919, 18.786414], [99.042923, 18.786401], [99.042925, 18.786392], [99.042931, 18.78637], [99.042934, 18.786358], [99.042937, 18.786349], [99.042943, 18.786326], [99.042948, 18.786311], [99.04295, 18.786301], [99.042957, 18.786274], [99.042962, 18.786258], [99.042965, 18.786246], [99.042972, 18.786219], [99.042976, 18.786202], [99.042978, 18.786191], [99.042983, 18.786162], [99.042986, 18.786144], [99.042989, 18.786132], [99.042993, 18.786102], [99.042997, 18.786085], [99.042999, 18.786074], [99.043004, 18.786047], [99.043007, 18.786032], [99.043009, 18.786021], [99.043013, 18.785995], [99.043015, 18.78598], [99.043017, 18.78597], [99.043023, 18.785944], [99.043027, 18.785928], [99.043029, 18.785917], [99.043037, 18.785889], [99.043042, 18.785872], [99.043045, 18.785861], [99.043054, 18.785834], [99.04306, 18.785818], [99.043065, 18.785806], [99.043077, 18.785779], [99.043085, 18.785763], [99.043091, 18.785753], [99.043105, 18.785728], [99.043115, 18.785713], [99.043121, 18.785704], [99.043138, 18.785681], [99.04315, 18.785666], [99.043159, 18.785656], [99.043181, 18.785632], [99.043195, 18.785617], [99.043205, 18.785606], [99.043229, 18.785581], [99.043244, 18.785567], [99.043254, 18.785559], [99.043277, 18.785537], [99.04329, 18.785525], [99.043299, 18.785517], [99.043323, 18.785499], [99.043338, 18.785489], [99.043348, 18.785483], [99.043374, 18.785467], [99.04339, 18.785458], [99.043402, 18.785451], [99.04343, 18.785434], [99.043448, 18.785424], [99.04346, 18.785417], [99.04349, 18.785398], [99.043507, 18.785387], [99.043519, 18.785379], [99.043545, 18.785356], [99.04356, 18.785342], [99.04357, 18.785332], [99.043593, 18.785305], [99.043607, 18.785287], [99.043617, 18.785275], [99.043638, 18.785245], [99.04365, 18.785225], [99.043657, 18.785212], [99.043674, 18.785176], [99.043684, 18.785154], [99.043689, 18.78514], [99.043702, 18.785102], [99.04371, 18.785079], [99.043715, 18.785064], [99.043728, 18.785024], [99.043735, 18.784999], [99.04374, 18.784983], [99.043754, 18.78494], [99.043763, 18.784914], [99.04377, 18.784896], [99.043788, 18.784852], [99.043798, 18.784826], [99.043806, 18.784808], [99.043824, 18.784764], [99.043834, 18.784738], [99.043841, 18.78472], [99.043858, 18.784678], [99.043867, 18.784654], [99.043873, 18.784637], [99.043887, 18.784597], [99.043894, 18.784573], [99.043898, 18.784556], [99.043908, 18.784515], [99.043913, 18.78449], [99.043916, 18.784473], [99.043922, 18.78443], [99.043925, 18.784404], [99.043927, 18.784387], [99.043931, 18.784343], [99.043934, 18.784316], [99.043936, 18.784297], [99.043942, 18.784252], [99.043946, 18.784225], [99.043949, 18.784207], [99.043959, 18.784161], [99.043965, 18.784133], [99.04397, 18.784114], [99.043982, 18.784066], [99.04399, 18.784038], [99.043995, 18.784019], [99.044009, 18.783973], [99.044018, 18.783946], [99.044023, 18.783928], [99.044036, 18.783885], [99.044044, 18.78386], [99.044048, 18.783843], [99.044059, 18.783803], [99.044065, 18.78378], [99.044068, 18.783765], [99.044077, 18.78373], [99.044081, 18.783712], [99.044084, 18.7837], [99.044089, 18.783674], [99.044092, 18.78366], [99.044094, 18.783651], [99.044099, 18.783626], [99.044099, 18.783609], [99.0441, 18.783598], [99.044103, 18.783568], [99.044105, 18.783549], [99.044105, 18.783536], [99.044108, 18.783507], [99.044109, 18.78349], [99.04411, 18.783478], [99.044113, 18.783453], [99.044113, 18.783438], [99.044114, 18.783428], [99.044115, 18.783405], [99.044117, 18.783392], [99.044117, 18.783383], [99.044117, 18.783361], [99.044116, 18.783349], [99.044115, 18.783342], [99.043966, 18.783274], [99.043982, 18.783276], [99.043993, 18.783277], [99.044018, 18.783282], [99.044033, 18.783286], [99.044042, 18.783289], [99.044063, 18.7833], [99.044075, 18.783307], [99.044081, 18.783314], [99.044094, 18.783332], [99.044099, 18.783344], [99.044101, 18.783353], [99.044104, 18.783376], [99.044105, 18.783392], [99.044106, 18.783402], [99.044106, 18.783432], [99.044106, 18.78345], [99.044106, 18.783462], [99.044106, 18.78349], [99.044106, 18.783507], [99.044106, 18.783518], [99.044105, 18.783546], [99.044102, 18.783563], [99.044101, 18.783576], [99.044097, 18.783607], [99.044094, 18.783627], [99.044091, 18.783642], [99.044082, 18.78368], [99.044078, 18.783705], [99.044074, 18.783722], [99.044066, 18.783763], [99.04406, 18.783788], [99.044056, 18.783805], [99.044044, 18.783848], [99.044037, 18.783874], [99.044031, 18.783891], [99.044016, 18.783938], [99.044008, 18.783965], [99.044003, 18.783983], [99.04399, 18.784027], [99.043982, 18.784054], [99.043977, 18.784072], [99.043966, 18.784119], [99.043961, 18.784147], [99.043957, 18.784167], [99.043949, 18.784215], [99.043945, 18.784243], [99.043943, 18.784262], [99.043938, 18.784309], [99.043936, 18.784337], [99.043934, 18.784356], [99.04393, 18.784403], [99.043927, 18.784431], [99.043925, 18.784449], [99.043919, 18.784495], [99.043913, 18.784523], [99.043909, 18.784541], [99.043897, 18.784589], [99.043888, 18.784617], [99.043882, 18.784636], [99.043865, 18.784684], [99.043854, 18.784713], [99.043847, 18.784732], [99.043829, 18.784777], [99.043818, 18.784804], [99.043811, 18.784821], [99.043794, 18.784864], [99.043784, 18.784889], [99.043778, 18.784906], [99.043762, 18.784948], [99.043752, 18.784975], [99.043746, 18.784992], [99.043731, 18.785038], [99.043723, 18.785064], [99.043718, 18.785082], [99.043704, 18.785124], [99.043695, 18.785148], [99.043689, 18.785163], [99.043673, 18.785199], [99.043662, 18.78522], [99.043655, 18.785233], [99.043634, 18.785266], [99.04362, 18.785286], [99.043611, 18.785298], [99.043584, 18.785329], [99.043568, 18.785347], [99.043556, 18.785357], [99.043525, 18.785382], [99.043505, 18.785395], [99.043491, 18.785403], [99.043455, 18.785423], [99.043432, 18.785435], [99.043416, 18.785443], [99.043379, 18.785463], [99.043357, 18.785477], [99.043343, 18.785485], [99.04331, 18.785511], [99.043291, 18.785526], [99.043278, 18.785538], [99.043245, 18.785567], [99.043225, 18.785586], [99.043213, 18.785599], [99.043183, 18.78563], [99.043165, 18.785649], [99.043154, 18.785662], [99.043129, 18.785695], [99.043115, 18.785715], [99.043107, 18.785728], [99.043089, 18.785761], [99.04308, 18.785781], [99.043075, 18.785794], [99.043063, 18.785826], [99.043058, 18.785845], [99.043054, 18.785857], [99.043047, 18.785887], [99.043044, 18.785905], [99.043041, 18.785917], [99.043035, 18.785944], [99.043031, 18.78596], [99.043029, 18.78597], [99.043025, 18.785994], [99.043022, 18.786009], [99.04302, 18.786018], [99.043016, 18.786041], [99.043013, 18.786054], [99.043011, 18.786064], [99.043008, 18.786085], [99.043006, 18.786098], [99.043004, 18.786106], [99.043, 18.786131], [99.042996, 18.786147], [99.042994, 18.786158], [99.042987, 18.786189], [99.042984, 18.786207], [99.042982, 18.786219], [99.042975, 18.786248], [99.042971, 18.786266], [99.042968, 18.786278], [99.042959, 18.78631], [99.042955, 18.786331], [99.042951, 18.786345], [99.042942, 18.786382], [99.042937, 18.786403], [99.042934, 18.786417], [99.042926, 18.786452], [99.042921, 18.786473], [99.042918, 18.786487], [99.042913, 18.786522], [99.04291, 18.786543], [99.042909, 18.786557], [99.042907, 18.786591], [99.042907, 18.786612], [99.042906, 18.786625], [99.042905, 18.78666], [99.042905, 18.78668], [99.042904, 18.786693], [99.042902, 18.786726], [99.0429, 18.786745], [99.042899, 18.786757], [99.042899, 18.786787], [99.042898, 18.786804], [99.042898, 18.786815], [99.042898, 18.786842], [99.042898, 18.786857], [99.042897, 18.786866], [99.042897, 18.786891], [99.042897, 18.786905], [99.042896, 18.786915], [99.042896, 18.78694], [99.042896, 18.786955], [99.042896, 18.786964], [99.042895, 18.786988], [99.042896, 18.787001], [99.042896, 18.787011], [99.042896, 18.787034], [99.042897, 18.787047], [99.042897, 18.787056], [99.042898, 18.787077], [99.0429, 18.78709], [99.042901, 18.787098], [99.059615, 18.776772], [99.059615, 18.776772], [99.059615, 18.776772], [99.059615, 18.776772], [99.059615, 18.776772], [99.059615, 18.776772], [99.059615, 18.776772], [99.059615, 18.776772], [99.059615, 18.776772], [99.059615, 18.776772], [99.059615, 18.776772], [99.059615, 18.776772], [99.059615, 18.776772], [99.059615, 18.776772], [99.059615, 18.776772], [99.059615, 18.776772], [99.059615, 18.776772], [99.059615, 18.776772], [99.059615, 18.776772], [99.059615, 18.776772], [99.059615, 18.776772], [99.059615, 18.776772], [99.059615, 18.776772], [99.059615, 18.776772], [99.059615, 18.776772], [99.059615, 18.776772], [99.059615, 18.776772], [99.059615, 18.776772], [99.059615, 18.776772], [99.059615, 18.776772], [99.059615, 18.776772], [99.059615, 18.776772], [99.059615, 18.776772], [99.059615, 18.776772], [99.059615, 18.776772], [99.059615, 18.776772], [99.059615, 18.776772], [99.059615, 18.776772], [99.059615, 18.776772], [99.059615, 18.776772], [99.059615, 18.776772], [99.059615, 18.776772], [99.059615, 18.776772], [99.059615, 18.776772], [99.047878, 18.78577], [99.047877, 18.785771], [99.048128, 18.785832], [99.048176, 18.78585], [99.048234, 18.785868], [99.048288, 18.78589], [99.048342, 18.785909], [99.048394, 18.785928], [99.04844, 18.785943], [99.048486, 18.785961], [99.048529, 18.785977], [99.048568, 18.785998], [99.048608, 18.78601], [99.048645, 18.786022], [99.048683, 18.786033], [99.048723, 18.786045], [99.048762, 18.786056], [99.048805, 18.786067], [99.048849, 18.786079], [99.048887, 18.786095], [99.048929, 18.786113], [99.048971, 18.786132], [99.049009, 18.78615], [99.049044, 18.786168], [99.049318, 18.786221], [99.049363, 18.786178], [99.049413, 18.786123], [99.049462, 18.786065], [99.049515, 18.786004], [99.049567, 18.785941], [99.049617, 18.785874], [99.049667, 18.785802], [99.049714, 18.785728], [99.049757, 18.785656], [99.049796, 18.78559], [99.049835, 18.785525], [99.049877, 18.785463], [99.049921, 18.785407], [99.049964, 18.785352], [99.050005, 18.785298], [99.050041, 18.785247], [99.050073, 18.785196], [99.050101, 18.78514], [99.050124, 18.785081], [99.050141, 18.785018], [99.050156, 18.784954], [99.050171, 18.784888], [99.050185, 18.784824], [99.050197, 18.784765], [99.05021, 18.784702], [99.050226, 18.784633], [99.050243, 18.784557], [99.050258, 18.784484], [99.050274, 18.78441], [99.050288, 18.784336], [99.050301, 18.784264], [99.05032, 18.784196], [99.050348, 18.78413], [99.050383, 18.784064], [99.05042, 18.783998], [99.050454, 18.783931], [99.050485, 18.783865], [99.050514, 18.783796], [99.050544, 18.783723], [99.050579, 18.783651], [99.050619, 18.783577], [99.050659, 18.783505], [99.050697, 18.783429], [99.05073, 18.783353], [99.05076, 18.783276], [99.050786, 18.783201], [99.050808, 18.783122], [99.05083, 18.783037], [99.050851, 18.782946], [99.050868, 18.782859], [99.050885, 18.782776], [99.050903, 18.782696], [99.05092, 18.782617], [99.050939, 18.782536], [99.05096, 18.782457], [99.050982, 18.782381], [99.051002, 18.782307], [99.051021, 18.782237], [99.05104, 18.782167], [99.051058, 18.782102], [99.051074, 18.782042], [99.051087, 18.781983], [99.051098, 18.781926], [99.051106, 18.781873], [99.051111, 18.78182], [99.051115, 18.781771], [99.051121, 18.781724], [99.051129, 18.781677], [99.051139, 18.781625], [99.05115, 18.781572], [99.051161, 18.781523], [99.051172, 18.781475], [99.051184, 18.781424], [99.051195, 18.781375], [99.051206, 18.781325], [99.051217, 18.781273], [99.051227, 18.781221], [99.051241, 18.781164], [99.051258, 18.781099], [99.051276, 18.781025], [99.051295, 18.780947], [99.051313, 18.780874], [99.051331, 18.7808], [99.051349, 18.780726], [99.051364, 18.780655], [99.05138, 18.780587], [99.051396, 18.780522], [99.05141, 18.780461], [99.051422, 18.780397], [99.051431, 18.780331], [99.05144, 18.78027], [99.051451, 18.78021], [99.051464, 18.780143], [99.051476, 18.780073], [99.05149, 18.78], [99.051505, 18.779923], [99.05152, 18.77984], [99.051534, 18.779753], [99.051546, 18.779661], [99.051556, 18.779572], [99.051564, 18.779484], [99.051572, 18.779403], [99.051579, 18.779327], [99.051586, 18.779257], [99.051592, 18.779192], [99.051599, 18.779129], [99.051606, 18.779067], [99.051612, 18.779006], [99.051618, 18.778946], [99.051623, 18.778891], [99.051628, 18.778842], [99.051633, 18.778796], [99.051639, 18.778753], [99.051647, 18.778713], [99.051654, 18.778676], [99.051688, 18.778571], [99.051686, 18.77857], [99.051682, 18.778569], [99.051677, 18.778569], [99.051673, 18.778568], [99.051672, 18.778568], [99.051673, 18.778569], [99.051676, 18.77857], [99.051678, 18.778571], [99.051678, 18.778571], [99.051678, 18.778571], [99.051677, 18.778571], [99.051678, 18.778571], [99.051678, 18.778571], [99.051678, 18.778571], [99.051678, 18.778571], [99.051678, 18.778571], [99.051677, 18.778571], [99.051678, 18.778571], [99.051678, 18.778571], [99.051678, 18.778571], [99.051677, 18.778572], [99.051677, 18.778572], [99.051677, 18.778572], [99.051677, 18.778572], [99.051677, 18.778572], [99.051677, 18.778572], [99.051676, 18.778573], [99.051676, 18.778573], [99.051676, 18.778573], [99.051676, 18.778573], [99.051676, 18.778573], [99.051676, 18.778573], [99.051676, 18.778573], [99.051676, 18.778573], [99.051676, 18.778574], [99.051676, 18.778574], [99.051676, 18.778574], [99.051676, 18.778574], [99.051676, 18.778574], [99.051676, 18.778574], [99.051676, 18.778574], [99.051676, 18.778574], [99.051675, 18.778574], [99.051675, 18.778574], [99.051675, 18.778574], [99.051675, 18.778574], [99.051675, 18.778574], [99.051675, 18.778574], [99.051675, 18.778574], [99.051675, 18.778574], [99.051675, 18.778574], [99.051675, 18.778575], [99.051675, 18.778575], [99.051675, 18.778574], [99.051675, 18.778574], [99.051676, 18.778574], [99.051676, 18.778575], [99.051676, 18.778575], [99.051676, 18.778575], [99.051673, 18.778575], [99.051611, 18.778656], [99.051603, 18.778707], [99.051596, 18.778766], [99.051589, 18.778836], [99.051582, 18.778919], [99.051573, 18.779008], [99.051565, 18.779094], [99.051558, 18.779179], [99.05155, 18.779265], [99.051542, 18.77935], [99.051533, 18.779435], [99.051524, 18.779521], [99.051515, 18.779607], [99.051504, 18.779692], [99.051491, 18.779777], [99.051475, 18.779861], [99.051459, 18.779945], [99.051445, 18.780022], [99.05143, 18.780093], [99.051416, 18.780164], [99.051405, 18.780236], [99.051396, 18.780306], [99.051388, 18.780373], [99.051379, 18.780441], [99.051367, 18.780507], [99.051351, 18.780579], [99.051332, 18.780656], [99.051314, 18.780726], [99.051296, 18.780792], [99.051277, 18.780858], [99.05126, 18.780928], [99.051246, 18.781003], [99.051233, 18.781076], [99.051219, 18.781147], [99.051203, 18.781219], [99.051186, 18.781292], [99.051169, 18.781361], [99.05115, 18.781431], [99.051132, 18.781501], [99.051116, 18.781569], [99.051103, 18.781633], [99.051092, 18.78169], [99.051083, 18.781747], [99.051074, 18.781806], [99.051063, 18.781862], [99.051054, 18.781915], [99.051046, 18.781969], [99.051033, 18.782029], [99.051017, 18.782096], [99.051001, 18.782167], [99.050986, 18.782237], [99.050971, 18.782306], [99.050955, 18.782377], [99.050939, 18.782449], [99.05092, 18.782522], [99.0509, 18.782594], [99.05088, 18.782664], [99.050863, 18.782728], [99.050848, 18.782784], [99.050837, 18.78284], [99.050826, 18.782895], [99.050817, 18.782949], [99.050809, 18.782998], [99.0508, 18.78304], [99.050772, 18.783144], [99.050758, 18.783193], [99.050738, 18.783252], [99.050714, 18.783317], [99.050691, 18.783376], [99.050669, 18.783427], [99.050647, 18.783465], [99.050535, 18.783502], [99.050473, 18.783513], [99.05041, 18.783525], [99.050343, 18.783538], [99.050272, 18.783549], [99.0502, 18.783556], [99.050131, 18.783561], [99.050064, 18.783562], [99.050002, 18.783561], [99.049945, 18.783556], [99.049892, 18.783551], [99.049841, 18.783549], [99.049791, 18.783548], [99.049746, 18.783546], [99.049642, 18.783528], [99.04964, 18.783526], [99.049639, 18.783525], [99.049639, 18.783525], [99.04964, 18.783527], [99.04964, 18.783528], [99.049641, 18.783528], [99.049642, 18.783529], [99.049643, 18.783529], [99.049644, 18.78353], [99.049646, 18.78353], [99.049648, 18.78353], [99.049649, 18.783531], [99.049651, 18.783531], [99.049652, 18.783532], [99.049653, 18.783532], [99.049654, 18.783533], [99.049655, 18.783534], [99.049657, 18.783534], [99.049657, 18.783534], [99.049657, 18.783535], [99.049658, 18.783537], [99.04966, 18.783538], [99.049661, 18.783539], [99.049662, 18.783539], [99.049662, 18.783539], [99.049661, 18.783539], [99.049661, 18.783539], [99.049662, 18.783538], [99.049663, 18.783538], [99.049663, 18.783537], [99.049663, 18.783536], [99.049664, 18.783536], [99.049664, 18.783535], [99.049664, 18.783535], [99.049663, 18.783535], [99.049663, 18.783535], [99.049663, 18.783536], [99.049663, 18.783537], [99.049664, 18.783538], [99.049664, 18.78354], [99.049665, 18.78354], [99.049665, 18.78354], [99.049666, 18.78354], [99.049667, 18.78354], [99.049667, 18.783539], [99.049668, 18.783538], [99.049669, 18.783538], [99.049671, 18.783537], [99.049672, 18.783537], [99.049674, 18.783536], [99.049674, 18.783536], [99.049674, 18.783536], [99.049674, 18.783536], [99.049674, 18.783536], [99.049673, 18.783537], [99.049672, 18.783537], [99.049671, 18.783538], [99.049671, 18.783539], [99.049671, 18.783541], [99.04967, 18.783541], [99.049669, 18.783542], [99.049669, 18.783544], [99.049668, 18.783545], [99.049668, 18.783545], [99.049668, 18.783545], [99.049669, 18.783544], [99.049672, 18.783544], [99.049784, 18.783555], [99.049831, 18.783557], [99.049885, 18.78356], [99.049938, 18.783563], [99.049993, 18.783567], [99.050049, 18.783569], [99.050106, 18.783567], [99.050164, 18.783563], [99.050221, 18.783558], [99.050275, 18.783551], [99.050326, 18.783542], [99.050375, 18.783534], [99.050422, 18.783525], [99.050466, 18.783516], [99.050536, 18.783647], [99.050518, 18.783684], [99.050501, 18.783723], [99.050484, 18.783763], [99.050469, 18.783801], [99.050451, 18.783841], [99.050427, 18.783892], [99.0504, 18.783945], [99.050374, 18.783998], [99.050349, 18.784048], [99.050327, 18.784093], [99.050304, 18.784135], [99.050282, 18.784183], [99.050264, 18.784232], [99.050251, 18.784289], [99.05024, 18.784352], [99.05023, 18.784418], [99.050217, 18.784484], [99.050201, 18.784555], [99.050181, 18.784631], [99.050164, 18.784704], [99.050149, 18.784775], [99.050135, 18.784844], [99.050121, 18.784912], [99.050109, 18.784976], [99.0501, 18.785035], [99.050088, 18.785089], [99.050068, 18.785141], [99.050041, 18.785188], [99.050012, 18.785229], [99.049982, 18.785267], [99.049945, 18.785313], [99.049903, 18.78537], [99.049859, 18.785436], [99.049817, 18.785507], [99.049778, 18.785573], [99.04974, 18.785636], [99.049701, 18.7857], [99.049663, 18.785764], [99.049626, 18.785821], [99.049588, 18.785874], [99.049548, 18.785923], [99.049506, 18.785972], [99.049466, 18.786017], [99.049429, 18.78606], [99.049395, 18.7861], [99.049363, 18.786137], [99.049333, 18.786174], [99.049304, 18.786209], [99.049268, 18.786252], [99.049228, 18.786305], [99.049187, 18.786368], [99.049149, 18.786433], [99.04911, 18.786494], [99.04907, 18.786552], [99.049027, 18.786609], [99.04898, 18.786672], [99.048932, 18.78673], [99.048887, 18.786781], [99.048843, 18.786828], [99.0488, 18.786874], [99.04876, 18.786919], [99.048727, 18.786961], [99.048697, 18.787], [99.048669, 18.787037], [99.048642, 18.787074], [99.048609, 18.787119], [99.048568, 18.787171], [99.048519, 18.787224], [99.048468, 18.787284], [99.048419, 18.787356], [99.048375, 18.787433], [99.048336, 18.787508], [99.048303, 18.787582], [99.048273, 18.787657], [99.048246, 18.787727], [99.04822, 18.787796], [99.048196, 18.787859], [99.048174, 18.787913], [99.048154, 18.787952], [99.048004, 18.787946], [99.047935, 18.78792], [99.047846, 18.787888], [99.047751, 18.787852], [99.047649, 18.787811], [99.047549, 18.787772], [99.047454, 18.787737], [99.047361, 18.787707], [99.047269, 18.787675], [99.047178, 18.787644], [99.04708, 18.787613], [99.046978, 18.78758], [99.046877, 18.787551], [99.04678, 18.78752], [99.046684, 18.787491], [99.046591, 18.787459], [99.046498, 18.787429], [99.046405, 18.7874], [99.046309, 18.78737], [99.046214, 18.78734], [99.046127, 18.787312], [99.04604, 18.787284], [99.045951, 18.787253], [99.045864, 18.787224], [99.045783, 18.787198], [99.045709, 18.787176], [99.045641, 18.787155], [99.045582, 18.787135], [99.045534, 18.787119], [99.045491, 18.787105], [99.045327, 18.78707], [99.045288, 18.787059], [99.045237, 18.787042], [99.045167, 18.787019], [99.045081, 18.78699], [99.044983, 18.786956], [99.044879, 18.78692], [99.044775, 18.786886], [99.044673, 18.786855], [99.044575, 18.786825], [99.04448, 18.786797], [99.044388, 18.786771], [99.044303, 18.786748], [99.044223, 18.786726], [99.044145, 18.786705], [99.044069, 18.786684], [99.043999, 18.786665], [99.043932, 18.786648], [99.043872, 18.786634], [99.043825, 18.786621], [99.043786, 18.786618], [99.043707, 18.786691], [99.043694, 18.786741], [99.043684, 18.786795], [99.043675, 18.786851], [99.043668, 18.786912], [99.043662, 18.786969], [99.043654, 18.787022], [99.043644, 18.78707], [99.043632, 18.787116], [99.043612, 18.787159], [99.043578, 18.787194], [99.043533, 18.787223], [99.043487, 18.787246], [99.043438, 18.787267], [99.043388, 18.787289], [99.043342, 18.787308], [99.0433, 18.787326], [99.043256, 18.787344], [99.04321, 18.787352], [99.04316, 18.787352], [99.043106, 18.787348], [99.04305, 18.78734], [99.042987, 18.787328], [99.042922, 18.787316], [99.042857, 18.787306], [99.042788, 18.787297], [99.04272, 18.787287], [99.042652, 18.787276], [99.042581, 18.787263], [99.042502, 18.78725], [99.042417, 18.787236], [99.042333, 18.787222], [99.042242, 18.787208], [99.042147, 18.787194], [99.042053, 18.787181], [99.041957, 18.787166], [99.041859, 18.787151], [99.041761, 18.787138], [99.04167, 18.787129], [99.041587, 18.78712], [99.041512, 18.787111], [99.041445, 18.787102], [99.041384, 18.787092], [99.04133, 18.787084], [99.041282, 18.787074], [99.041371, 18.787048], [99.041419, 18.787069], [99.041481, 18.787087], [99.041564, 18.787102], [99.041665, 18.787119], [99.041774, 18.787144], [99.041893, 18.787174], [99.042006, 18.787198], [99.042116, 18.787219], [99.042223, 18.787239], [99.042323, 18.787257], [99.042421, 18.787275], [99.042517, 18.787293], [99.042606, 18.787311], [99.042686, 18.787328], [99.042753, 18.78734], [99.042804, 18.787345], [99.043888, 18.783261], [99.043841, 18.783262], [99.043784, 18.783262], [99.043726, 18.783261], [99.043666, 18.783255], [99.0436, 18.783243], [99.043539, 18.78323], [99.043483, 18.783216], [99.043425, 18.783202], [99.043367, 18.783189], [99.043316, 18.783176], [99.04327, 18.783159], [99.04323, 18.78313], [99.043194, 18.783086], [99.043162, 18.783038], [99.043137, 18.782986], [99.043118, 18.782931], [99.04311, 18.782871], [99.043107, 18.782803], [99.043103, 18.78273], [99.043098, 18.782656], [99.043093, 18.782575], [99.043087, 18.782493], [99.043081, 18.782409], [99.043078, 18.782318], [99.043084, 18.782218], [99.043093, 18.782116], [99.043103, 18.782016], [99.043113, 18.781922], [99.043124, 18.781832], [99.043131, 18.781745], [99.04313, 18.781657], [99.043114, 18.781565], [99.043089, 18.781476], [99.043059, 18.78139], [99.043029, 18.781307], [99.043003, 18.781226], [99.042977, 18.781146], [99.042953, 18.78107], [99.04293, 18.781], [99.042908, 18.780933], [99.042884, 18.780862], [99.042856, 18.780787], [99.042829, 18.780714], [99.042809, 18.780648], [99.042792, 18.780588], [99.042775, 18.780534], [99.042762, 18.780487], [99.042754, 18.780447], [99.042737, 18.780515], [99.042761, 18.780584], [99.04279, 18.780667], [99.042819, 18.780749], [99.042846, 18.780833], [99.042872, 18.780915], [99.042899, 18.780995], [99.042926, 18.781071], [99.042953, 18.781152], [99.042983, 18.781238], [99.043012, 18.781321], [99.043042, 18.781406], [99.043068, 18.781488], [99.04309, 18.781568], [99.043103, 18.781649], [99.043106, 18.781736], [99.0431, 18.781823], [99.043091, 18.781912], [99.04308, 18.782003], [99.043071, 18.782092], [99.043065, 18.78218], [99.043061, 18.782267], [99.043061, 18.782351], [99.043065, 18.782435], [99.043071, 18.782513], [99.043076, 18.782592], [99.043079, 18.782669], [99.043083, 18.782738], [99.043085, 18.782802], [99.043088, 18.782865], [99.043099, 18.782923], [99.043115, 18.782979], [99.043139, 18.783033], [99.043162, 18.78308], [99.043194, 18.783123], [99.043235, 18.783158], [99.043287, 18.783182], [99.04335, 18.783198], [99.04341, 18.783212], [99.043471, 18.783226], [99.043538, 18.78324], [99.043601, 18.783253], [99.043665, 18.783265], [99.043731, 18.783272], [99.0438, 18.783275], [99.043863, 18.783275], [99.043925, 18.783274]]}}, {"type": "Feature", "properties": {"session": "2026-09-24", "metres_shown": 41034, "metres_ridden": 44065, "note": "ends trimmed"}, "geometry": {"type": "LineString", "coordinates": [[99.040132, 18.780784], [99.03987, 18.780839], [99.039623, 18.78089], [99.039367, 18.780944], [99.0391, 18.781001], [99.038818, 18.781057], [99.038526, 18.781118], [99.038234, 18.781179], [99.037946, 18.781237], [99.037661, 18.781295], [99.037387, 18.781354], [99.03713, 18.781409], [99.036861, 18.781464], [99.036588, 18.781516], [99.036341, 18.781565], [99.036122, 18.781607], [99.035925, 18.781647], [99.035726, 18.781689], [99.035525, 18.781732], [99.035343, 18.78177], [99.035184, 18.781801], [99.035025, 18.781834], [99.034853, 18.781867], [99.034659, 18.781907], [99.03445, 18.781949], [99.034232, 18.781992], [99.034015, 18.782034], [99.033819, 18.782073], [99.033633, 18.782108], [99.033463, 18.782141], [99.033301, 18.782173], [99.033144, 18.782206], [99.032978, 18.782238], [99.032805, 18.78227], [99.03263, 18.782307], [99.032464, 18.782343], [99.032303, 18.782378], [99.032134, 18.782414], [99.03197, 18.782449], [99.031806, 18.782482], [99.031631, 18.782517], [99.03145, 18.782552], [99.031256, 18.78259], [99.031079, 18.782622], [99.030898, 18.782654], [99.030718, 18.782687], [99.030558, 18.78272], [99.030436, 18.782745], [99.030349, 18.782762], [99.030286, 18.782766], [99.03023, 18.782769], [99.030169, 18.782782], [99.030116, 18.782796], [99.03009, 18.782804], [99.030089, 18.782805], [99.030086, 18.782808], [99.030061, 18.78282], [99.03001, 18.782838], [99.029935, 18.782836], [99.029852, 18.782847], [99.029755, 18.782865], [99.02965, 18.782883], [99.029551, 18.7829], [99.029465, 18.782915], [99.029397, 18.782928], [99.029315, 18.782946], [99.029185, 18.782975], [99.029034, 18.783008], [99.028887, 18.783036], [99.028742, 18.783062], [99.028581, 18.783096], [99.028409, 18.78313], [99.028209, 18.78317], [99.028011, 18.783212], [99.027822, 18.783249], [99.027655, 18.783283], [99.027465, 18.783321], [99.02727, 18.783359], [99.027087, 18.783394], [99.026922, 18.783433], [99.02678, 18.783478], [99.026665, 18.783541], [99.026579, 18.783639], [99.026535, 18.783769], [99.026515, 18.783915], [99.026495, 18.784077], [99.026469, 18.784269], [99.026439, 18.784476], [99.026407, 18.784694], [99.026371, 18.784916], [99.026332, 18.785134], [99.026292, 18.78534], [99.026251, 18.785541], [99.026205, 18.78574], [99.026162, 18.785916], [99.026119, 18.786082], [99.026072, 18.786247], [99.026023, 18.78641], [99.025977, 18.786568], [99.025929, 18.786724], [99.025875, 18.786886], [99.025816, 18.787054], [99.025756, 18.787217], [99.025691, 18.787394], [99.025627, 18.787571], [99.025564, 18.787741], [99.0255, 18.787902], [99.025437, 18.788058], [99.025371, 18.788204], [99.025307, 18.788345], [99.025245, 18.78848], [99.025185, 18.788611], [99.025126, 18.788737], [99.02507, 18.788851], [99.025002, 18.788989], [99.024907, 18.789163], [99.024802, 18.789343], [99.024691, 18.789535], [99.024575, 18.789736], [99.024456, 18.789933], [99.024322, 18.790153], [99.024179, 18.790387], [99.024034, 18.790625], [99.023902, 18.79084], [99.02376, 18.79107], [99.023629, 18.79129], [99.023492, 18.791521], [99.02337, 18.791732], [99.023244, 18.791952], [99.023121, 18.792174], [99.023003, 18.792392], [99.022886, 18.792615], [99.022769, 18.792843], [99.022648, 18.793081], [99.022527, 18.793322], [99.022417, 18.793551], [99.022309, 18.793775], [99.022205, 18.794], [99.0221, 18.794228], [99.021999, 18.794463], [99.021899, 18.794702], [99.021804, 18.794921], [99.021722, 18.795116], [99.021633, 18.795336], [99.02153, 18.795579], [99.021425, 18.795822], [99.021321, 18.796066], [99.021217, 18.79631], [99.021111, 18.796554], [99.021007, 18.796799], [99.020903, 18.797044], [99.020797, 18.797288], [99.020691, 18.797532], [99.020586, 18.797776], [99.020482, 18.79802], [99.020374, 18.798264], [99.020263, 18.798506], [99.020156, 18.798749], [99.02005, 18.798993], [99.019945, 18.799237], [99.019839, 18.799479], [99.019747, 18.799695], [99.019666, 18.799887], [99.01959, 18.800067], [99.019517, 18.800239], [99.019441, 18.800418], [99.019355, 18.80062], [99.019261, 18.800839], [99.019169, 18.801057], [99.019076, 18.801271], [99.018989, 18.801478], [99.018905, 18.801677], [99.018819, 18.801876], [99.01874, 18.802064], [99.01866, 18.802253], [99.018591, 18.802422], [99.018533, 18.802565], [99.01849, 18.80267], [99.018451, 18.802746], [99.0184, 18.802847], [99.018342, 18.802982], [99.018288, 18.803109], [99.01824, 18.80322], [99.018199, 18.80332], [99.018162, 18.803407], [99.018131, 18.803484], [99.01812, 18.803528], [99.018119, 18.803538], [99.01812, 18.803538], [99.01812, 18.803538], [99.01812, 18.803538], [99.01812, 18.803539], [99.01812, 18.80354], [99.018121, 18.80354], [99.01812, 18.803541], [99.018121, 18.803541], [99.018121, 18.803542], [99.018123, 18.803543], [99.018124, 18.803543], [99.018124, 18.803544], [99.018124, 18.803543], [99.018125, 18.803543], [99.018125, 18.803543], [99.018115, 18.803567], [99.018089, 18.803641], [99.01804, 18.803762], [99.01798, 18.803902], [99.01791, 18.80407], [99.017827, 18.804251], [99.01773, 18.804451], [99.017616, 18.804667], [99.017489, 18.80489], [99.017356, 18.805112], [99.017217, 18.805329], [99.017067, 18.80555], [99.016906, 18.805774], [99.016734, 18.805986], [99.016553, 18.806191], [99.01637, 18.806392], [99.016184, 18.806589], [99.015989, 18.806782], [99.015788, 18.806975], [99.015577, 18.807159], [99.015366, 18.807331], [99.015155, 18.807498], [99.01494, 18.80766], [99.014714, 18.807817], [99.014482, 18.807966], [99.014244, 18.808111], [99.013998, 18.808253], [99.013739, 18.80839], [99.013473, 18.808524], [99.013196, 18.80865], [99.012909, 18.808771], [99.012612, 18.80888], [99.012315, 18.808981], [99.012038, 18.80906], [99.011804, 18.80912], [99.011619, 18.809164], [99.011475, 18.809193], [99.011379, 18.809206], [99.011338, 18.809211], [99.011337, 18.80921], [99.011338, 18.809209], [99.011338, 18.809209], [99.011338, 18.809209], [99.011337, 18.809209], [99.011337, 18.809209], [99.011339, 18.809208], [99.01134, 18.809207], [99.011342, 18.809207], [99.011339, 18.809206], [99.011339, 18.809206], [99.011338, 18.809205], [99.011336, 18.809204], [99.011333, 18.809203], [99.011334, 18.809203], [99.011336, 18.809202], [99.011338, 18.809202], [99.01134, 18.809202], [99.011342, 18.809201], [99.011344, 18.809202], [99.011345, 18.809203], [99.011346, 18.809204], [99.011347, 18.809203], [99.011348, 18.809203], [99.011348, 18.809203], [99.011348, 18.809204], [99.011348, 18.809204], [99.011348, 18.809204], [99.011348, 18.809205], [99.011348, 18.809205], [99.011347, 18.809205], [99.011347, 18.809205], [99.011347, 18.809205], [99.011347, 18.809206], [99.011347, 18.809206], [99.011347, 18.809206], [99.011347, 18.809206], [99.011347, 18.809207], [99.011329, 18.809211], [99.011265, 18.809224], [99.011174, 18.809242], [99.011065, 18.809265], [99.010924, 18.809293], [99.010762, 18.80932], [99.010582, 18.809344], [99.010388, 18.809369], [99.010184, 18.80939], [99.009994, 18.809404], [99.009813, 18.809418], [99.009627, 18.809432], [99.009435, 18.809448], [99.009277, 18.809458], [99.00913, 18.809466], [99.008994, 18.809476], [99.008845, 18.809485], [99.008694, 18.809497], [99.008542, 18.809509], [99.008375, 18.809524], [99.008193, 18.809539], [99.007992, 18.809555], [99.007779, 18.809569], [99.007562, 18.809582], [99.00734, 18.809592], [99.007112, 18.809607], [99.006876, 18.809621], [99.006653, 18.809631], [99.006417, 18.809642], [99.006176, 18.809655], [99.005939, 18.809672], [99.005711, 18.809688], [99.005492, 18.809703], [99.005284, 18.809715], [99.005098, 18.809728], [99.004937, 18.809739], [99.004786, 18.809748], [99.004656, 18.809756], [99.004541, 18.809764], [99.004429, 18.80977], [99.004321, 18.809774], [99.004217, 18.809788], [99.004126, 18.809823], [99.004058, 18.809858], [99.004014, 18.809843], [99.003968, 18.809852], [99.003946, 18.809906], [99.004363, 18.810109], [99.004343, 18.810197], [99.00445, 18.810248], [99.004594, 18.810252], [99.004768, 18.810251], [99.00497, 18.810243], [99.005158, 18.810233], [99.005351, 18.81022], [99.005543, 18.810204], [99.00574, 18.810189], [99.005951, 18.81017], [99.006167, 18.810155], [99.006417, 18.810129], [99.006692, 18.810101], [99.007009, 18.81007], [99.007343, 18.810033], [99.007663, 18.810001], [99.007968, 18.809978], [99.008269, 18.809953], [99.008565, 18.809926], [99.008848, 18.809904], [99.009127, 18.809882], [99.009388, 18.809866], [99.009637, 18.809855], [99.009875, 18.809838], [99.01009, 18.809822], [99.010279, 18.809809], [99.010431, 18.809797], [99.010555, 18.809783], [99.010653, 18.809742], [99.010698, 18.80966], [99.010683, 18.809565], [99.010644, 18.809481], [99.010613, 18.809438], [99.010608, 18.809431], [99.01061, 18.809431], [99.010611, 18.809429], [99.010612, 18.809428], [99.010613, 18.809426], [99.010612, 18.809424], [99.010608, 18.809417], [99.010552, 18.809396], [99.010383, 18.809405], [99.010095, 18.809429], [99.009778, 18.809455], [99.009475, 18.809478], [99.009176, 18.809497], [99.008898, 18.809515], [99.008642, 18.809531], [99.008408, 18.809546], [99.008181, 18.809562], [99.007969, 18.809578], [99.007735, 18.809595], [99.007489, 18.809611], [99.007228, 18.809627], [99.006947, 18.809644], [99.006654, 18.809665], [99.006356, 18.809688], [99.006053, 18.809719], [99.005755, 18.80975], [99.005463, 18.809777], [99.00519, 18.809801], [99.004898, 18.809822], [99.004602, 18.809837], [99.004308, 18.80985], [99.004032, 18.809867], [99.003745, 18.809884], [99.003483, 18.809902], [99.003211, 18.809922], [99.002933, 18.809942], [99.002636, 18.809961], [99.002367, 18.809984], [99.00209, 18.810005], [99.001826, 18.810023], [99.001578, 18.810037], [99.001323, 18.810049], [99.001085, 18.81006], [99.000858, 18.810074], [99.000642, 18.81008], [99.000397, 18.810086], [99.000137, 18.810098], [98.999895, 18.810117], [98.999662, 18.81014], [98.999438, 18.810166], [98.999217, 18.810192], [98.999041, 18.810213], [98.998888, 18.810234], [98.99874, 18.810259], [98.998588, 18.810287], [98.998435, 18.810311], [98.998284, 18.810336], [98.998123, 18.81036], [98.997958, 18.810385], [98.997783, 18.810412], [98.997614, 18.810439], [98.997456, 18.810466], [98.997297, 18.810498], [98.997151, 18.810527], [98.996981, 18.810556], [98.996793, 18.810586], [98.996607, 18.810618], [98.996416, 18.810644], [98.996241, 18.810675], [98.996069, 18.810708], [98.995925, 18.810732], [98.995796, 18.810755], [98.995679, 18.810775], [98.99557, 18.810776], [98.995485, 18.810738], [98.995441, 18.810681], [98.995424, 18.810599], [98.995415, 18.810484], [98.995406, 18.810359], [98.995394, 18.810242], [98.995386, 18.810111], [98.995378, 18.80997], [98.99537, 18.809815], [98.995356, 18.809666], [98.995345, 18.809536], [98.995337, 18.809417], [98.995329, 18.809309], [98.995322, 18.809212], [98.995317, 18.809121], [98.99531, 18.80901], [98.995304, 18.808894], [98.9953, 18.808784], [98.995292, 18.808682], [98.995288, 18.808602], [98.995285, 18.808539], [98.99528, 18.808488], [98.995275, 18.808436], [98.99527, 18.808365], [98.995263, 18.80829], [98.995256, 18.80821], [98.995252, 18.808138], [98.995248, 18.808056], [98.99524, 18.807973], [98.995238, 18.807893], [98.99524, 18.807817], [98.995238, 18.807733], [98.995236, 18.807642], [98.995231, 18.807541], [98.995227, 18.807427], [98.995229, 18.807298], [98.995237, 18.80716], [98.995247, 18.807021], [98.995257, 18.806876], [98.995262, 18.806715], [98.99526, 18.806562], [98.995258, 18.806431], [98.995252, 18.806314], [98.995236, 18.806182], [98.995219, 18.806047], [98.995194, 18.805908], [98.995167, 18.805767], [98.995146, 18.805649], [98.995127, 18.805534], [98.995112, 18.80542], [98.995108, 18.805312], [98.99512, 18.805225], [98.995163, 18.805162], [98.995229, 18.805119], [98.995317, 18.805077], [98.995421, 18.805048], [98.995528, 18.805022], [98.995643, 18.805001], [98.995772, 18.804977], [98.995908, 18.804951], [98.996061, 18.804929], [98.9962, 18.804904], [98.996328, 18.804884], [98.996456, 18.804867], [98.996579, 18.804848], [98.996694, 18.804827], [98.996802, 18.804806], [98.996897, 18.804787], [98.996994, 18.80477], [98.997081, 18.804755], [98.997136, 18.804744], [98.99716, 18.804741], [98.99716, 18.804741], [98.997172, 18.804726], [98.997199, 18.804662], [98.997187, 18.80455], [98.997161, 18.804431], [98.997134, 18.804288], [98.997112, 18.804157], [98.997097, 18.804047], [98.997076, 18.803945], [98.997059, 18.803829], [98.997036, 18.803719], [98.997017, 18.803626], [98.997009, 18.803556], [98.99703, 18.803511], [98.997073, 18.803482], [98.997147, 18.803458], [98.997224, 18.803438], [98.997297, 18.803428], [98.997377, 18.803412], [98.997451, 18.803393], [98.997554, 18.803367], [98.997672, 18.803342], [98.997795, 18.803318], [98.997945, 18.803285], [98.998106, 18.803249], [98.998264, 18.803219], [98.998419, 18.803187], [98.998561, 18.803155], [98.998702, 18.803123], [98.99882, 18.803096], [98.998936, 18.80307], [98.999051, 18.803042], [98.999155, 18.803022], [98.999242, 18.803006], [98.99931, 18.803011], [98.999368, 18.803017], [98.999413, 18.803017], [98.999449, 18.803016], [98.999482, 18.803023], [98.999515, 18.803055], [98.999538, 18.803108], [98.999568, 18.803179], [98.999592, 18.803261], [98.999613, 18.803338], [98.999632, 18.803415], [98.999653, 18.803493], [98.999675, 18.803578], [98.999699, 18.803668], [98.999722, 18.803755], [98.999736, 18.803842], [98.999751, 18.80392], [98.999772, 18.803994], [98.99979, 18.80406], [98.999809, 18.804123], [98.999823, 18.804178], [98.999841, 18.804231], [98.999853, 18.804284], [98.999867, 18.804342], [98.999885, 18.804391], [98.999893, 18.804433], [98.999899, 18.804476], [98.999908, 18.804525], [98.99992, 18.804575], [98.999915, 18.804614], [98.999878, 18.804643], [98.999824, 18.804664], [98.999761, 18.804678], [98.999698, 18.804692], [98.999636, 18.804703], [98.999572, 18.804713], [98.999505, 18.804719], [98.999443, 18.80473], [98.99939, 18.804744], [98.999325, 18.804758], [98.999243, 18.804774], [98.999143, 18.804786], [98.999044, 18.8048], [98.998953, 18.804814], [98.998873, 18.804823], [98.998813, 18.804834], [98.998757, 18.804847], [98.998692, 18.80486], [98.998617, 18.804869], [98.998544, 18.80488], [98.998479, 18.804894], [98.998419, 18.804907], [98.998356, 18.804913], [98.99829, 18.804921], [98.998216, 18.804934], [98.998142, 18.804948], [98.998074, 18.804959], [98.998015, 18.804966], [98.997939, 18.804984], [98.997875, 18.805013], [98.997822, 18.805053], [98.997761, 18.805081], [98.997682, 18.805083], [98.997595, 18.805074], [98.997508, 18.805064], [98.997427, 18.805051], [98.997363, 18.805033], [98.997338, 18.805023], [98.997336, 18.805026], [98.997328, 18.805018], [98.997307, 18.804978], [98.99729, 18.804931], [98.997273, 18.804889], [98.997251, 18.804829], [98.99723, 18.804764], [98.997207, 18.804687], [98.997185, 18.804585], [98.997163, 18.804477], [98.997141, 18.804357], [98.997116, 18.804239], [98.997095, 18.804114], [98.997076, 18.803988], [98.997057, 18.803872], [98.997044, 18.803769], [98.997027, 18.803671], [98.997015, 18.803587], [98.997004, 18.803532], [98.996999, 18.803512], [98.996994, 18.803504], [98.996946, 18.803477], [98.996842, 18.803493], [98.99669, 18.80352], [98.996513, 18.803553], [98.996331, 18.803589], [98.99616, 18.803622], [98.996009, 18.803647], [98.995852, 18.803668], [98.995702, 18.80369], [98.995579, 18.803711], [98.995474, 18.803732], [98.995364, 18.803754], [98.995252, 18.803776], [98.995142, 18.803797], [98.995041, 18.803818], [98.994954, 18.803828], [98.9949, 18.803815], [98.994869, 18.803775], [98.994858, 18.803676], [98.994896, 18.803507], [98.994963, 18.803277], [98.995046, 18.803016], [98.995128, 18.802773], [98.995199, 18.802546], [98.995264, 18.802329], [98.995322, 18.802129], [98.995361, 18.801939], [98.99537, 18.801751], [98.995349, 18.801564], [98.995311, 18.801378], [98.995273, 18.801207], [98.99524, 18.801057], [98.995209, 18.800927], [98.995182, 18.800801], [98.995156, 18.800688], [98.995136, 18.800594], [98.995125, 18.800507], [98.995114, 18.800424], [98.995099, 18.800348], [98.995085, 18.800279], [98.995071, 18.800218], [98.995057, 18.800154], [98.995038, 18.800066], [98.995011, 18.799954], [98.994986, 18.799838], [98.99496, 18.799721], [98.994932, 18.799596], [98.994906, 18.799463], [98.994875, 18.799315], [98.994842, 18.79917], [98.994811, 18.799024], [98.99478, 18.798877], [98.994745, 18.798717], [98.994708, 18.798554], [98.994671, 18.798384], [98.994638, 18.798236], [98.994606, 18.798097], [98.994573, 18.797959], [98.994545, 18.797812], [98.994519, 18.797676], [98.994491, 18.797537], [98.994455, 18.797389], [98.994409, 18.797244], [98.994343, 18.797113], [98.994269, 18.796997], [98.994201, 18.796885], [98.994154, 18.796768], [98.994131, 18.796646], [98.994115, 18.796521], [98.994102, 18.796408], [98.994093, 18.796311], [98.994086, 18.796219], [98.994077, 18.796129], [98.994065, 18.796045], [98.994055, 18.795963], [98.994044, 18.795883], [98.99403, 18.795812], [98.994018, 18.795751], [98.994009, 18.795718], [98.994009, 18.795715], [98.99401, 18.795715], [98.99401, 18.795717], [98.994011, 18.795718], [98.994012, 18.795721], [98.994012, 18.795723], [98.994014, 18.795724], [98.994016, 18.795725], [98.994019, 18.795725], [98.994022, 18.795726], [98.994023, 18.795724], [98.994013, 18.795703], [98.993994, 18.795651], [98.99397, 18.795583], [98.993953, 18.795496], [98.993941, 18.795383], [98.993934, 18.795261], [98.993927, 18.79514], [98.993925, 18.795025], [98.993919, 18.794899], [98.993911, 18.794746], [98.993907, 18.794571], [98.993902, 18.794386], [98.993897, 18.794212], [98.99389, 18.794047], [98.993885, 18.793872], [98.993878, 18.793692], [98.99387, 18.793522], [98.993866, 18.793358], [98.993859, 18.793194], [98.993852, 18.793024], [98.993843, 18.792865], [98.993836, 18.792711], [98.993827, 18.79256], [98.993818, 18.792413], [98.993809, 18.792263], [98.9938, 18.792111], [98.993794, 18.791975], [98.993788, 18.791834], [98.993784, 18.79169], [98.993778, 18.791556], [98.993771, 18.791427], [98.993765, 18.791297], [98.993758, 18.791169], [98.99375, 18.791045], [98.993748, 18.790918], [98.99374, 18.790789], [98.993729, 18.790658], [98.993722, 18.790537], [98.993715, 18.790412], [98.993706, 18.790292], [98.993699, 18.790151], [98.993687, 18.78999], [98.993674, 18.789833], [98.993659, 18.78969], [98.993649, 18.78956], [98.99364, 18.789429], [98.993635, 18.789296], [98.993625, 18.789162], [98.993619, 18.789027], [98.993611, 18.788886], [98.993601, 18.78874], [98.993592, 18.788593], [98.993584, 18.78845], [98.993579, 18.788306], [98.993575, 18.788163], [98.993587, 18.788028], [98.993618, 18.787912], [98.993662, 18.787805], [98.993703, 18.787712], [98.993718, 18.787612], [98.993706, 18.787508], [98.993684, 18.787402], [98.993658, 18.7873], [98.993639, 18.787209], [98.993616, 18.787125], [98.993586, 18.787034], [98.993554, 18.786938], [98.993517, 18.786845], [98.993488, 18.786758], [98.993467, 18.786652], [98.99345, 18.786514], [98.993438, 18.786373], [98.993424, 18.786227], [98.993409, 18.786077], [98.993398, 18.785938], [98.99339, 18.785796], [98.993381, 18.785654], [98.993375, 18.785529], [98.993371, 18.785422], [98.993363, 18.785312], [98.993356, 18.785198], [98.993346, 18.785088], [98.993338, 18.784978], [98.993332, 18.784857], [98.993327, 18.784739], [98.993323, 18.784624], [98.993317, 18.784508], [98.993308, 18.784387], [98.9933, 18.784258], [98.993292, 18.784119], [98.993283, 18.783973], [98.993272, 18.783827], [98.993262, 18.783684], [98.993253, 18.78355], [98.993247, 18.783419], [98.993237, 18.783292], [98.993228, 18.783165], [98.993219, 18.783031], [98.993212, 18.782889], [98.993203, 18.782744], [98.993196, 18.782597], [98.993189, 18.782463], [98.99318, 18.782351], [98.993172, 18.782223], [98.993163, 18.782082], [98.993154, 18.781949], [98.993147, 18.781838], [98.99314, 18.781739], [98.993131, 18.781625], [98.993117, 18.781502], [98.993091, 18.781387], [98.993058, 18.781275], [98.993013, 18.781181], [98.992944, 18.781104], [98.992849, 18.781051], [98.99275, 18.781027], [98.992625, 18.781014], [98.992475, 18.781006], [98.992299, 18.780995], [98.992142, 18.780993], [98.992001, 18.780991], [98.99187, 18.780993], [98.991742, 18.780991], [98.991606, 18.780991], [98.991462, 18.780995], [98.991332, 18.781002], [98.991194, 18.781004], [98.99104, 18.781005], [98.990895, 18.781009], [98.990757, 18.781014], [98.99061, 18.78102], [98.990467, 18.781027], [98.990332, 18.781034], [98.990197, 18.781041], [98.990079, 18.781044], [98.989965, 18.781047], [98.98984, 18.781049], [98.989712, 18.781055], [98.989568, 18.781059], [98.989421, 18.781068], [98.989266, 18.781078], [98.989117, 18.781089], [98.988993, 18.781098], [98.988875, 18.781104], [98.988753, 18.781112], [98.988622, 18.781118], [98.988484, 18.781115], [98.988335, 18.781113], [98.98819, 18.781109], [98.988055, 18.78111], [98.987929, 18.781112], [98.987825, 18.781118], [98.987748, 18.781122], [98.987687, 18.78112], [98.987621, 18.781119], [98.987543, 18.781121], [98.98746, 18.781122], [98.987374, 18.781125], [98.987294, 18.781128], [98.987203, 18.781135], [98.987084, 18.78114], [98.986938, 18.781141], [98.986788, 18.781146], [98.986627, 18.781148], [98.986471, 18.781151], [98.986314, 18.781155], [98.986168, 18.781153], [98.986019, 18.781153], [98.985862, 18.781159], [98.985698, 18.781163], [98.985538, 18.781167], [98.985366, 18.78117], [98.985193, 18.781177], [98.985012, 18.781178], [98.984826, 18.781186], [98.984632, 18.781192], [98.984449, 18.781197], [98.984268, 18.781203], [98.984084, 18.78121], [98.983908, 18.781212], [98.983733, 18.781215], [98.983555, 18.781217], [98.983368, 18.78122], [98.983174, 18.781222], [98.982983, 18.781227], [98.982782, 18.781232], [98.982576, 18.781238], [98.982379, 18.78124], [98.982189, 18.78124], [98.982001, 18.781243], [98.981819, 18.781246], [98.98165, 18.78125], [98.98149, 18.781254], [98.981317, 18.781267], [98.981155, 18.781282], [98.981002, 18.78129], [98.980841, 18.781295], [98.98067, 18.781297], [98.9805, 18.781303], [98.980315, 18.781308], [98.980104, 18.781316], [98.979887, 18.781321], [98.979663, 18.781327], [98.979422, 18.781335], [98.97918, 18.781344], [98.978937, 18.781357], [98.978705, 18.781368], [98.978491, 18.781376], [98.978288, 18.781382], [98.978102, 18.781387], [98.977943, 18.781403], [98.977794, 18.781461], [98.97767, 18.781575], [98.977592, 18.781727], [98.97757, 18.781896], [98.977574, 18.782092], [98.977585, 18.782325], [98.977594, 18.782557], [98.977603, 18.782773], [98.977615, 18.78298], [98.977625, 18.783189], [98.977633, 18.783401], [98.977642, 18.783603], [98.977653, 18.783802], [98.977663, 18.78401], [98.977667, 18.784209], [98.977674, 18.784417], [98.977682, 18.784633], [98.977688, 18.784845], [98.977693, 18.785049], [98.977698, 18.785249], [98.977705, 18.785448], [98.97771, 18.785642], [98.977718, 18.785832], [98.977728, 18.78602], [98.977738, 18.786188], [98.977748, 18.786356], [98.977759, 18.786521], [98.977769, 18.786695], [98.977777, 18.786869], [98.977782, 18.787047], [98.977791, 18.787236], [98.977804, 18.787437], [98.977818, 18.787632], [98.97783, 18.787826], [98.977839, 18.788008], [98.977848, 18.788183], [98.977857, 18.788366], [98.977865, 18.788555], [98.977868, 18.788739], [98.977871, 18.788917], [98.977876, 18.789083], [98.977886, 18.78924], [98.977896, 18.789398], [98.977903, 18.789572], [98.977912, 18.78974], [98.977921, 18.789901], [98.977931, 18.790071], [98.977943, 18.790242], [98.977955, 18.790398], [98.977965, 18.790537], [98.97797, 18.790665], [98.977975, 18.790791], [98.977985, 18.790914], [98.977993, 18.791042], [98.978, 18.791191], [98.978009, 18.791339], [98.978019, 18.791492], [98.978026, 18.791632], [98.978026, 18.791772], [98.978027, 18.791914], [98.978032, 18.792037], [98.978039, 18.792181], [98.978045, 18.792337], [98.978051, 18.792493], [98.978054, 18.792652], [98.978059, 18.792806], [98.978062, 18.792957], [98.978069, 18.793111], [98.978079, 18.793276], [98.978094, 18.79345], [98.978105, 18.793613], [98.978114, 18.793768], [98.978118, 18.793913], [98.978122, 18.794059], [98.978125, 18.794203], [98.978131, 18.794349], [98.978137, 18.794502], [98.978141, 18.794658], [98.978143, 18.794803], [98.978149, 18.794935], [98.978156, 18.79507], [98.978167, 18.795182], [98.978179, 18.795273], [98.978196, 18.795357], [98.978222, 18.795461], [98.978241, 18.795603], [98.978265, 18.795748], [98.978303, 18.795867], [98.978385, 18.795945], [98.978511, 18.795982], [98.978669, 18.796011], [98.978831, 18.796016], [98.978993, 18.796011], [98.979154, 18.796003], [98.97932, 18.795993], [98.979484, 18.795982], [98.979646, 18.795972], [98.979813, 18.795965], [98.979991, 18.795959], [98.98018, 18.795951], [98.980371, 18.795943], [98.980556, 18.795935], [98.980734, 18.795927], [98.980907, 18.795922], [98.981078, 18.795918], [98.98125, 18.795916], [98.981413, 18.795913], [98.981552, 18.79591], [98.981678, 18.795902], [98.981804, 18.795894], [98.981948, 18.795883], [98.982094, 18.795878], [98.982238, 18.795873], [98.98237, 18.795869], [98.98249, 18.795863], [98.9826, 18.795855], [98.982704, 18.795847], [98.982793, 18.795845], [98.982839, 18.795876], [98.982847, 18.795932], [98.98285, 18.796009], [98.982854, 18.796099], [98.98286, 18.79619], [98.982868, 18.796274], [98.982874, 18.796356], [98.982883, 18.796431], [98.982897, 18.796498], [98.982913, 18.796555], [98.98292, 18.796612], [98.982923, 18.796664], [98.98293, 18.796717], [98.982929, 18.796774], [98.982918, 18.796832], [98.982904, 18.796896], [98.98287, 18.796955], [98.982857, 18.797022], [98.98286, 18.797098], [98.982867, 18.797189], [98.982877, 18.797275], [98.982897, 18.797358], [98.982919, 18.797456], [98.982949, 18.797563], [98.982982, 18.797664], [98.983009, 18.79776], [98.983041, 18.79785], [98.98307, 18.797937], [98.983096, 18.798019], [98.983129, 18.798105], [98.983161, 18.79819], [98.983185, 18.798271], [98.983207, 18.798348], [98.983216, 18.798421], [98.983233, 18.798463], [98.983232, 18.798464], [98.98323, 18.798469], [98.983242, 18.798494], [98.983294, 18.798516], [98.983371, 18.798513], [98.983463, 18.798507], [98.983565, 18.798498], [98.983681, 18.798491], [98.983809, 18.798488], [98.983942, 18.798485], [98.984062, 18.798477], [98.984179, 18.798466], [98.984321, 18.798467], [98.98447, 18.798468], [98.984616, 18.798466], [98.98475, 18.798452], [98.984894, 18.798448], [98.985025, 18.798441], [98.985163, 18.798435], [98.985291, 18.798429], [98.985415, 18.798412], [98.985524, 18.798403], [98.985624, 18.798396], [98.985719, 18.798388], [98.985806, 18.798384], [98.985889, 18.798385], [98.985968, 18.798387], [98.986046, 18.79839], [98.986118, 18.798393], [98.986155, 18.798396], [98.986166, 18.798404], [98.986164, 18.798402], [98.986165, 18.798404], [98.986169, 18.798407], [98.986182, 18.79845], [98.986174, 18.798555], [98.986167, 18.798663], [98.986158, 18.798777], [98.98615, 18.798894], [98.986141, 18.799027], [98.986138, 18.799148], [98.986134, 18.799248], [98.98613, 18.799338], [98.986123, 18.799417], [98.986119, 18.799478], [98.986108, 18.799529], [98.986102, 18.799585], [98.986097, 18.799652], [98.9861, 18.799719], [98.986091, 18.799814], [98.986081, 18.799924], [98.986074, 18.800021], [98.986072, 18.80011], [98.986065, 18.800168], [98.98606, 18.800196], [98.986057, 18.800211], [98.98605, 18.80025], [98.986056, 18.800301], [98.986105, 18.800356], [98.986184, 18.800411], [98.986265, 18.800458], [98.986336, 18.800496], [98.986397, 18.80053], [98.986454, 18.800556], [98.986503, 18.800573], [98.986559, 18.800582], [98.986642, 18.800581], [98.986744, 18.800567], [98.986844, 18.800549], [98.986954, 18.800535], [98.987069, 18.800518], [98.987183, 18.800498], [98.987288, 18.800475], [98.987385, 18.800453], [98.987461, 18.800435], [98.987508, 18.800445], [98.987529, 18.800482], [98.987544, 18.800546], [98.987566, 18.800607], [98.987591, 18.80067], [98.987611, 18.800738], [98.987625, 18.800814], [98.987645, 18.800897], [98.987666, 18.800983], [98.987686, 18.80108], [98.987707, 18.801174], [98.987722, 18.801261], [98.987729, 18.801348], [98.987747, 18.801431], [98.987796, 18.8015], [98.987867, 18.801557], [98.987916, 18.80163], [98.987941, 18.80172], [98.987964, 18.801811], [98.987982, 18.801914], [98.987999, 18.802029], [98.988022, 18.802139], [98.988046, 18.802251], [98.988063, 18.802349], [98.988072, 18.802448], [98.988081, 18.802535], [98.98808, 18.802556], [98.98808, 18.802556], [98.988083, 18.802555], [98.988084, 18.802554], [98.988091, 18.802576], [98.988091, 18.802645], [98.988078, 18.802733], [98.988073, 18.802823], [98.988066, 18.802914], [98.988062, 18.803002], [98.988054, 18.803082], [98.988049, 18.803172], [98.98804, 18.803261], [98.988035, 18.803348], [98.988014, 18.803431], [98.987978, 18.803507], [98.98794, 18.803582], [98.987912, 18.803668], [98.987876, 18.803764], [98.987842, 18.803867], [98.987816, 18.803972], [98.987787, 18.804068], [98.987769, 18.804176], [98.987767, 18.804289], [98.987783, 18.804409], [98.987813, 18.80454], [98.987844, 18.80466], [98.987874, 18.804768], [98.987892, 18.804879], [98.987916, 18.804984], [98.987948, 18.805079], [98.987976, 18.805169], [98.988003, 18.805227], [98.988008, 18.805237], [98.988008, 18.805238], [98.988019, 18.805249], [98.988084, 18.805276], [98.988179, 18.80527], [98.988291, 18.805253], [98.988414, 18.805233], [98.988538, 18.805213], [98.988666, 18.805194], [98.988789, 18.805176], [98.988904, 18.805156], [98.98901, 18.805141], [98.989113, 18.805125], [98.989223, 18.805101], [98.989351, 18.805083], [98.989495, 18.805072], [98.98965, 18.805055], [98.989801, 18.805045], [98.989939, 18.805041], [98.990073, 18.80504], [98.990197, 18.805046], [98.990341, 18.805066], [98.990498, 18.805082], [98.990658, 18.805095], [98.990819, 18.805113], [98.990977, 18.805136], [98.99113, 18.805153], [98.991267, 18.805165], [98.991371, 18.805178], [98.991443, 18.805187], [98.991476, 18.805193], [98.991482, 18.80519], [98.991535, 18.805195], [98.991622, 18.805207], [98.991734, 18.805218], [98.991866, 18.805231], [98.992011, 18.80525], [98.992164, 18.805265], [98.992319, 18.805284], [98.992469, 18.805304], [98.992633, 18.805323], [98.992797, 18.805344], [98.992966, 18.805359], [98.993143, 18.805355], [98.993323, 18.80534], [98.99351, 18.805324], [98.993695, 18.805306], [98.993865, 18.805286], [98.994011, 18.805267], [98.994146, 18.805247], [98.994276, 18.80523], [98.994404, 18.805217], [98.994533, 18.805207], [98.994649, 18.805198], [98.994761, 18.805195], [98.994861, 18.805214], [98.99494, 18.805278], [98.994982, 18.805383], [98.995022, 18.805521], [98.995062, 18.805677], [98.995097, 18.80584], [98.995125, 18.805997], [98.995145, 18.806156], [98.995159, 18.806314], [98.995171, 18.806476], [98.99518, 18.806649], [98.995177, 18.806817], [98.995164, 18.807006], [98.995153, 18.807185], [98.995151, 18.807382], [98.995159, 18.807581], [98.995169, 18.80778], [98.995177, 18.807968], [98.995186, 18.80815], [98.99519, 18.80828], [98.995198, 18.808401], [98.995204, 18.80852], [98.995209, 18.808615], [98.995212, 18.8087], [98.995216, 18.80874], [98.995219, 18.808742], [98.995218, 18.808742], [98.995218, 18.808743], [98.995219, 18.808744], [98.99522, 18.808745], [98.995222, 18.808746], [98.995222, 18.808747], [98.995223, 18.808748], [98.995224, 18.808786], [98.995228, 18.80889], [98.995228, 18.809034], [98.995232, 18.809206], [98.995233, 18.809383], [98.995236, 18.809555], [98.995241, 18.809698], [98.995263, 18.809778], [98.995285, 18.809793], [98.99529, 18.809793], [98.995289, 18.809792], [98.995296, 18.80979], [98.995337, 18.809756], [98.995351, 18.809671], [98.99534, 18.809566], [98.995329, 18.809454], [98.995323, 18.809354], [98.995322, 18.809276], [98.995341, 18.80923], [98.995369, 18.809212], [98.995403, 18.809205], [98.995413, 18.809202], [98.995411, 18.809203], [98.995406, 18.809205], [98.995399, 18.809205], [98.995396, 18.809204], [98.995399, 18.809193], [98.995395, 18.809182], [98.995392, 18.809171], [98.995386, 18.809152], [98.995385, 18.809134], [98.995381, 18.809112], [98.995377, 18.809091], [98.995372, 18.809066], [98.995374, 18.809051], [98.995382, 18.809042], [98.995385, 18.809038], [98.995384, 18.809034], [98.995382, 18.80903], [98.99538, 18.80903], [98.995381, 18.809031], [98.995382, 18.809031], [98.995383, 18.809031], [98.995385, 18.809031], [98.995384, 18.809031], [98.995382, 18.809029], [98.99538, 18.809027], [98.99538, 18.809027], [98.995381, 18.809027], [98.995384, 18.809028], [98.995386, 18.809029], [98.995391, 18.809033], [98.995393, 18.809035], [98.995394, 18.809034], [98.995392, 18.809034], [98.99539, 18.809032], [98.995388, 18.809035], [98.995384, 18.809036], [98.995381, 18.809037], [98.995378, 18.809038], [98.995381, 18.809031], [98.995382, 18.809032], [98.995382, 18.809032], [98.995383, 18.809033], [98.995384, 18.809036], [98.995383, 18.809037], [98.995267, 18.80835], [98.995265, 18.808276], [98.995266, 18.808251], [98.995263, 18.808252], [98.995261, 18.808254], [98.99526, 18.808255], [98.995259, 18.808256], [98.995256, 18.808257], [98.995255, 18.808259], [98.995254, 18.808261], [98.995252, 18.808262], [98.99525, 18.808262], [98.99525, 18.808263], [98.995249, 18.808264], [98.995249, 18.808265], [98.99525, 18.808267], [98.99525, 18.808268], [98.99525, 18.808269], [98.995249, 18.80827], [98.995249, 18.808271], [98.995249, 18.808271], [98.995249, 18.808272], [98.99525, 18.808272], [98.99525, 18.808271], [98.995251, 18.808271], [98.995252, 18.80827], [98.995254, 18.808269], [98.995256, 18.808269], [98.995259, 18.808268], [98.995261, 18.808268], [98.995264, 18.808267], [98.995267, 18.808267], [98.995267, 18.808266], [98.995268, 18.808265], [98.995268, 18.808264], [98.995269, 18.808263], [98.995271, 18.808262], [98.995272, 18.808262], [98.995273, 18.808261], [98.995274, 18.808261], [98.995275, 18.808261], [98.995276, 18.808261], [98.995277, 18.808261], [98.995278, 18.808261], [98.995279, 18.808262], [98.99528, 18.808263], [98.99528, 18.808261], [98.995271, 18.808233], [98.995258, 18.808178], [98.995255, 18.808085], [98.99525, 18.807965], [98.995239, 18.807819], [98.995227, 18.807665], [98.995216, 18.807521], [98.995208, 18.807379], [98.995215, 18.80723], [98.99523, 18.807092], [98.995245, 18.806936], [98.995257, 18.806767], [98.995259, 18.806622], [98.995254, 18.806459], [98.995244, 18.806308], [98.995229, 18.806164], [98.99521, 18.806015], [98.995185, 18.805869], [98.995158, 18.805721], [98.995135, 18.805594], [98.995116, 18.805481], [98.995097, 18.805377], [98.99508, 18.805292], [98.995074, 18.805237], [98.995058, 18.805232], [98.995058, 18.805231], [98.995056, 18.805231], [98.99506, 18.805231], [98.995061, 18.805231], [98.995056, 18.805227], [98.99457, 18.805005], [98.994365, 18.804793], [98.994674, 18.804965], [98.994765, 18.805053], [98.994838, 18.805127], [98.994917, 18.805185], [98.994966, 18.805169], [98.995005, 18.805192], [98.995042, 18.805205], [98.995078, 18.805206], [98.99509, 18.80521], [98.995093, 18.805215], [98.995116, 18.80521], [98.995127, 18.805203], [98.995129, 18.805203], [98.995137, 18.805201], [98.995139, 18.805198], [98.995125, 18.805204], [98.995118, 18.805206], [98.995106, 18.805211], [98.995101, 18.805212], [98.995101, 18.805213], [98.995094, 18.805218], [98.995095, 18.805224], [98.995096, 18.805229], [98.995092, 18.805231], [98.995086, 18.805231], [98.995085, 18.805231], [98.995082, 18.805233], [98.995077, 18.805233], [98.995071, 18.805206], [98.994903, 18.804523], [98.994876, 18.804361], [98.994854, 18.804182], [98.994835, 18.803988], [98.994847, 18.803785], [98.994891, 18.803576], [98.994958, 18.803346], [98.995031, 18.803104], [98.995105, 18.80286], [98.995176, 18.802629], [98.995251, 18.802387], [98.995323, 18.80215], [98.995371, 18.801934], [98.995372, 18.801699], [98.995335, 18.801458], [98.995286, 18.801233], [98.995235, 18.800999], [98.995189, 18.80078], [98.995157, 18.800619], [98.99513, 18.800491], [98.995105, 18.800388], [98.995077, 18.800299], [98.995061, 18.800223], [98.995048, 18.800156], [98.995037, 18.800109], [98.995034, 18.800097], [98.995033, 18.800096], [98.995033, 18.800095], [98.995033, 18.800094], [98.995032, 18.800093], [98.995032, 18.800091], [98.995031, 18.80009], [98.995031, 18.80009], [98.99503, 18.800089], [98.99503, 18.800089], [98.995029, 18.800089], [98.995028, 18.800088], [98.995028, 18.800088], [98.995027, 18.800086], [98.995026, 18.800084], [98.995027, 18.800083], [98.995026, 18.800083], [98.995026, 18.800082], [98.995027, 18.800082], [98.995028, 18.800082], [98.995028, 18.800082], [98.995029, 18.800082], [98.995029, 18.800083], [98.99503, 18.800084], [98.99503, 18.800084], [98.995031, 18.800084], [98.995031, 18.800085], [98.995031, 18.800085], [98.995031, 18.800084], [98.995031, 18.800084], [98.995031, 18.800082], [98.995031, 18.800081], [98.995031, 18.80008], [98.99503, 18.800079], [98.995029, 18.800078], [98.995028, 18.800077], [98.995028, 18.800077], [98.995028, 18.800078], [98.995029, 18.800078], [98.995029, 18.800079], [98.99503, 18.80008], [98.99503, 18.800081], [98.99503, 18.800082], [98.995031, 18.800083], [98.995032, 18.800084], [98.995032, 18.800085], [98.995033, 18.800087], [98.995033, 18.800088], [98.995034, 18.800089], [98.995035, 18.80009], [98.995036, 18.800091], [98.995037, 18.800092], [98.995037, 18.800093], [98.995037, 18.800093], [98.995037, 18.800094], [98.995037, 18.800094], [98.995037, 18.800094], [98.995025, 18.800072], [98.994958, 18.800015], [98.99482, 18.799991], [98.994635, 18.800012], [98.994442, 18.800048], [98.994258, 18.800079], [98.994075, 18.800105], [98.993882, 18.800118], [98.993703, 18.800109], [98.993531, 18.800091], [98.993365, 18.800061], [98.993205, 18.800014], [98.993052, 18.799963], [98.99289, 18.799905], [98.992717, 18.799841], [98.992563, 18.799783], [98.992436, 18.799734], [98.99232, 18.799692], [98.992213, 18.799653], [98.99212, 18.799623], [98.992027, 18.799591], [98.991921, 18.799557], [98.991795, 18.799523], [98.991664, 18.799508], [98.991518, 18.799496], [98.991364, 18.799488], [98.991205, 18.799481], [98.991055, 18.799474], [98.990915, 18.799471], [98.990799, 18.799468], [98.990687, 18.799464], [98.990565, 18.799463], [98.990454, 18.79946], [98.990349, 18.799459], [98.990269, 18.799456], [98.990236, 18.799455], [98.990233, 18.799456], [98.990228, 18.799455], [98.990224, 18.799454], [98.990223, 18.799455], [98.990208, 18.799455], [98.990175, 18.799448], [98.99013, 18.799426], [98.990081, 18.799381], [98.990034, 18.799333], [98.989972, 18.799299], [98.989906, 18.799288], [98.989829, 18.799298], [98.989746, 18.799349], [98.989663, 18.7994], [98.989562, 18.799435], [98.989456, 18.799446], [98.989336, 18.79944], [98.989199, 18.799432], [98.98907, 18.79942], [98.988941, 18.79941], [98.98882, 18.799394], [98.988701, 18.799349], [98.988583, 18.799269], [98.988483, 18.799175], [98.988389, 18.799081], [98.988289, 18.798996], [98.988175, 18.798914], [98.988063, 18.798854], [98.987956, 18.7988], [98.987844, 18.798743], [98.987729, 18.798672], [98.987607, 18.798606], [98.98747, 18.798561], [98.987328, 18.798542], [98.987199, 18.79854], [98.987079, 18.798533], [98.986959, 18.798512], [98.986851, 18.798499], [98.986744, 18.798496], [98.986645, 18.798501], [98.986553, 18.798502], [98.986469, 18.798493], [98.986396, 18.79849], [98.986337, 18.79849], [98.98629, 18.798492], [98.986251, 18.798492], [98.986213, 18.798516], [98.986188, 18.798573], [98.986167, 18.798644], [98.98614, 18.798738], [98.986124, 18.798834], [98.986109, 18.798924], [98.986094, 18.799005], [98.98608, 18.799084], [98.986069, 18.79916], [98.98606, 18.799241], [98.986057, 18.79931], [98.986052, 18.799376], [98.986048, 18.799434], [98.986045, 18.79949], [98.986039, 18.799547], [98.986034, 18.799607], [98.986028, 18.799665], [98.986021, 18.79973], [98.986014, 18.799808], [98.986007, 18.799896], [98.98599, 18.800005], [98.985978, 18.800111], [98.985971, 18.800172], [98.985972, 18.800177], [98.985973, 18.800178], [98.985975, 18.80018], [98.985976, 18.800182], [98.985977, 18.800184], [98.985979, 18.800186], [98.985981, 18.800187], [98.985984, 18.800188], [98.985986, 18.80019], [98.985988, 18.800192], [98.985991, 18.800194], [98.985991, 18.800196], [98.985995, 18.800196], [98.985994, 18.800223], [98.985979, 18.800287], [98.985904, 18.800313], [98.985789, 18.800315], [98.985657, 18.800322], [98.985525, 18.800331], [98.985373, 18.800341], [98.985233, 18.800349], [98.985097, 18.800374], [98.984961, 18.800404], [98.984838, 18.800463], [98.984713, 18.800532], [98.984596, 18.800595], [98.984485, 18.800642], [98.984371, 18.800684], [98.984257, 18.800717], [98.984141, 18.800738], [98.984029, 18.800751], [98.983923, 18.800761], [98.983809, 18.800759], [98.983697, 18.800759], [98.983573, 18.800771], [98.983441, 18.800814], [98.983315, 18.800866], [98.983192, 18.800923], [98.983061, 18.800975], [98.982926, 18.801025], [98.982782, 18.801068], [98.982633, 18.80111], [98.9825, 18.801149], [98.982377, 18.801183], [98.982258, 18.801224], [98.982157, 18.80126], [98.982068, 18.801288], [98.981965, 18.801321], [98.981842, 18.801356], [98.981712, 18.801392], [98.981579, 18.801431], [98.981455, 18.801466], [98.981342, 18.801501], [98.981238, 18.801534], [98.981136, 18.801561], [98.981043, 18.801577], [98.980956, 18.801553], [98.98087, 18.801493], [98.980796, 18.801405], [98.980734, 18.801297], [98.980668, 18.801173], [98.980608, 18.801044], [98.980551, 18.80092], [98.980494, 18.800801], [98.980446, 18.800704], [98.980407, 18.800611], [98.98037, 18.800524], [98.980327, 18.800431], [98.980278, 18.800335], [98.980232, 18.800243], [98.980185, 18.800145], [98.98014, 18.800047], [98.980104, 18.799954], [98.980063, 18.799854], [98.980014, 18.799748], [98.979963, 18.799642], [98.97991, 18.799527], [98.979856, 18.799408], [98.9798, 18.79929], [98.979742, 18.799163], [98.979686, 18.799036], [98.979632, 18.79891], [98.979578, 18.798788], [98.979525, 18.798672], [98.979474, 18.798554], [98.979416, 18.798432], [98.979358, 18.798318], [98.979303, 18.798208], [98.979255, 18.798107], [98.979209, 18.79801], [98.979164, 18.797909], [98.979114, 18.797803], [98.979063, 18.797693], [98.979013, 18.797581], [98.978964, 18.797474], [98.978917, 18.797379], [98.978872, 18.797291], [98.978832, 18.797209], [98.978794, 18.797126], [98.978755, 18.797038], [98.978711, 18.796939], [98.97866, 18.796822], [98.978602, 18.796703], [98.978541, 18.796574], [98.978479, 18.796441], [98.978417, 18.796319], [98.978374, 18.796217], [98.978366, 18.79613], [98.978414, 18.796058], [98.978516, 18.79603], [98.978655, 18.796009], [98.978811, 18.795994], [98.978964, 18.795982], [98.979112, 18.795976], [98.979271, 18.795969], [98.979458, 18.795955], [98.979653, 18.795943], [98.979837, 18.795931], [98.980009, 18.795921], [98.98016, 18.795911], [98.980297, 18.795904], [98.980442, 18.795895], [98.980598, 18.795887], [98.980748, 18.795878], [98.980881, 18.795874], [98.981015, 18.795873], [98.981146, 18.79587], [98.981264, 18.795864], [98.981371, 18.795862], [98.981468, 18.795858], [98.981544, 18.795853], [98.981606, 18.795847], [98.981653, 18.795817], [98.981676, 18.795759], [98.981683, 18.795688], [98.981671, 18.795619], [98.981617, 18.795573], [98.981517, 18.795549], [98.981377, 18.795541], [98.981224, 18.795541], [98.981063, 18.795544], [98.98089, 18.795547], [98.980733, 18.795552], [98.980584, 18.795556], [98.980442, 18.795562], [98.980275, 18.795562], [98.980115, 18.795562], [98.979934, 18.79556], [98.979771, 18.795559], [98.979605, 18.795561], [98.979439, 18.795561], [98.979271, 18.795562], [98.979109, 18.795564], [98.978949, 18.795562], [98.978811, 18.795546], [98.978709, 18.795492], [98.978644, 18.795404], [98.97861, 18.795288], [98.978587, 18.795142], [98.978576, 18.794978], [98.978561, 18.794806], [98.978547, 18.794636], [98.978533, 18.794455], [98.978521, 18.794276], [98.97851, 18.794096], [98.978499, 18.793917], [98.97849, 18.793735], [98.978481, 18.793558], [98.978469, 18.793378], [98.978461, 18.793188], [98.978454, 18.793013], [98.97845, 18.79285], [98.978446, 18.79271], [98.978437, 18.792579], [98.978429, 18.792445], [98.978423, 18.79232], [98.978422, 18.792188], [98.978421, 18.79206], [98.978418, 18.791939], [98.978417, 18.791824], [98.978413, 18.791721], [98.978413, 18.791617], [98.978415, 18.791482], [98.97841, 18.791332], [98.978404, 18.791183], [98.978396, 18.791047], [98.978389, 18.79092], [98.97838, 18.790786], [98.978373, 18.790665], [98.978367, 18.790558], [98.978362, 18.790435], [98.978358, 18.790308], [98.978349, 18.790183], [98.97834, 18.790057], [98.978333, 18.789921], [98.978329, 18.78978], [98.978326, 18.789627], [98.978321, 18.789462], [98.978324, 18.789301], [98.97833, 18.789141], [98.978335, 18.78899], [98.978334, 18.78883], [98.978325, 18.78867], [98.978306, 18.788525], [98.978289, 18.788398], [98.978276, 18.788283], [98.978267, 18.788145], [98.97826, 18.788008], [98.978251, 18.787888], [98.97824, 18.787776], [98.978232, 18.787666], [98.978222, 18.787558], [98.978211, 18.787424], [98.9782, 18.787275], [98.97819, 18.787143], [98.97818, 18.787008], [98.978175, 18.786861], [98.97817, 18.786712], [98.978163, 18.78657], [98.978156, 18.786445], [98.978148, 18.786343], [98.97814, 18.78627], [98.978139, 18.78622], [98.978145, 18.786174], [98.97815, 18.786117], [98.978146, 18.786046], [98.97814, 18.785948], [98.978135, 18.785829], [98.978129, 18.785688], [98.978122, 18.785548], [98.97812, 18.785399], [98.978113, 18.785229], [98.978104, 18.785066], [98.978096, 18.784903], [98.97809, 18.784746], [98.978083, 18.784582], [98.978076, 18.784423], [98.978065, 18.784271], [98.978054, 18.784117], [98.978042, 18.78399], [98.978034, 18.783849], [98.978025, 18.783695], [98.978016, 18.78355], [98.978008, 18.783377], [98.978, 18.783189], [98.977996, 18.782997], [98.977986, 18.782805], [98.977981, 18.782601], [98.977977, 18.782421], [98.977976, 18.782231], [98.977991, 18.782061], [98.978039, 18.781918], [98.978141, 18.781822], [98.978288, 18.781779], [98.978454, 18.78175], [98.97863, 18.781731], [98.97884, 18.781721], [98.979024, 18.781716], [98.979196, 18.781713], [98.979388, 18.781708], [98.979573, 18.781704], [98.979744, 18.781699], [98.979896, 18.781696], [98.98005, 18.781694], [98.980225, 18.781689], [98.980404, 18.781685], [98.980568, 18.781678], [98.980748, 18.781673], [98.980913, 18.781669], [98.981073, 18.781664], [98.981234, 18.781662], [98.981401, 18.781659], [98.981565, 18.781649], [98.981732, 18.781637], [98.981889, 18.781627], [98.98205, 18.781612], [98.982221, 18.7816], [98.982401, 18.781591], [98.982582, 18.781584], [98.982764, 18.781579], [98.982936, 18.781575], [98.983139, 18.781572], [98.983334, 18.781569], [98.983524, 18.781564], [98.983737, 18.781556], [98.98394, 18.781546], [98.984139, 18.781537], [98.984333, 18.78153], [98.984526, 18.781523], [98.984716, 18.781517], [98.984892, 18.781513], [98.985077, 18.781509], [98.985275, 18.781507], [98.98545, 18.7815], [98.98563, 18.781489], [98.98582, 18.781482], [98.986005, 18.781475], [98.986196, 18.781473], [98.986396, 18.781471], [98.986611, 18.781468], [98.986831, 18.781466], [98.987035, 18.781461], [98.987226, 18.781456], [98.987405, 18.781448], [98.987562, 18.781435], [98.987719, 18.781426], [98.987863, 18.781423], [98.988003, 18.781421], [98.988142, 18.781419], [98.988273, 18.781421], [98.988383, 18.781424], [98.988486, 18.781427], [98.988582, 18.781435], [98.988672, 18.781447], [98.988756, 18.781453], [98.98884, 18.78146], [98.988931, 18.781465], [98.989046, 18.781465], [98.989193, 18.781454], [98.989347, 18.781445], [98.989511, 18.781433], [98.989669, 18.78142], [98.98986, 18.781411], [98.990074, 18.781406], [98.990291, 18.781403], [98.990495, 18.781404], [98.990683, 18.781403], [98.990867, 18.781402], [98.991054, 18.781399], [98.991251, 18.781395], [98.991437, 18.78139], [98.99161, 18.781385], [98.991776, 18.78138], [98.991945, 18.781376], [98.992107, 18.781372], [98.992268, 18.781372], [98.992434, 18.781385], [98.992574, 18.781444], [98.992668, 18.781558], [98.992704, 18.781686], [98.992719, 18.781795], [98.99273, 18.781893], [98.992743, 18.782024], [98.99276, 18.782182], [98.992777, 18.782327], [98.992799, 18.782497], [98.992817, 18.782669], [98.99283, 18.782841], [98.992842, 18.782998], [98.992848, 18.783128], [98.992856, 18.783251], [98.992869, 18.783402], [98.99288, 18.783572], [98.992888, 18.783738], [98.992897, 18.783902], [98.992905, 18.78404], [98.992918, 18.784207], [98.992932, 18.784382], [98.992942, 18.784532], [98.992952, 18.784659], [98.992964, 18.7848], [98.992974, 18.784936], [98.992984, 18.785073], [98.992994, 18.785218], [98.993001, 18.785328], [98.993009, 18.785429], [98.993019, 18.785544], [98.993027, 18.785656], [98.993034, 18.785762], [98.993046, 18.7859], [98.993055, 18.786049], [98.993065, 18.786179], [98.993076, 18.786336], [98.993083, 18.78648], [98.99309, 18.786618], [98.993096, 18.786758], [98.993099, 18.786878], [98.993104, 18.786989], [98.993113, 18.787092], [98.993125, 18.787198], [98.993136, 18.78729], [98.993139, 18.787362], [98.993141, 18.787409], [98.993144, 18.787448], [98.993143, 18.787483], [98.993144, 18.787516], [98.993152, 18.787556], [98.993161, 18.787629], [98.993166, 18.787726], [98.993171, 18.787857], [98.993185, 18.788014], [98.993199, 18.788182], [98.993208, 18.788339], [98.993217, 18.788513], [98.993227, 18.788665], [98.993242, 18.788813], [98.993254, 18.788928], [98.993262, 18.789028], [98.993268, 18.78917], [98.993271, 18.789325], [98.99328, 18.789487], [98.993291, 18.789654], [98.993302, 18.789818], [98.993315, 18.78998], [98.993324, 18.790136], [98.99333, 18.790277], [98.993338, 18.790404], [98.993348, 18.790534], [98.993359, 18.790663], [98.993367, 18.790788], [98.993373, 18.790893], [98.993381, 18.79099], [98.993392, 18.791089], [98.993403, 18.791187], [98.993417, 18.791282], [98.993423, 18.791356], [98.993423, 18.79141], [98.993423, 18.791455], [98.993426, 18.791495], [98.99343, 18.791543], [98.99343, 18.791604], [98.993435, 18.791669], [98.993446, 18.791739], [98.993455, 18.791818], [98.993459, 18.791886], [98.993463, 18.791954], [98.993465, 18.792042], [98.993468, 18.792135], [98.993473, 18.792229], [98.99348, 18.792327], [98.993486, 18.79243], [98.993491, 18.792541], [98.993493, 18.792647], [98.993497, 18.792767], [98.993499, 18.792875], [98.993505, 18.792977], [98.99351, 18.793086], [98.993518, 18.793195], [98.993525, 18.793297], [98.993533, 18.79341], [98.99354, 18.793528], [98.993547, 18.793638], [98.993552, 18.793753], [98.993555, 18.793872], [98.993558, 18.793993], [98.993563, 18.794111], [98.993567, 18.794244], [98.993571, 18.794373], [98.993571, 18.794491], [98.993563, 18.794611], [98.993539, 18.794713], [98.993502, 18.794817], [98.993442, 18.79491], [98.993368, 18.794987], [98.99327, 18.795059], [98.993157, 18.795109], [98.993021, 18.795133], [98.99288, 18.795146], [98.992743, 18.795153], [98.992599, 18.79516], [98.992442, 18.795167], [98.992294, 18.795173], [98.99215, 18.795176], [98.992017, 18.795181], [98.991866, 18.795187], [98.99172, 18.795192], [98.99159, 18.795195], [98.991448, 18.795202], [98.991313, 18.79521], [98.991179, 18.795217], [98.991054, 18.79522], [98.99093, 18.795224], [98.9908, 18.795231], [98.99067, 18.795231], [98.990542, 18.795235], [98.990404, 18.795242], [98.990252, 18.795249], [98.990089, 18.795255], [98.989937, 18.795261], [98.989785, 18.795267], [98.989649, 18.795272], [98.989516, 18.795278], [98.989387, 18.795283], [98.989269, 18.795286], [98.98915, 18.795288], [98.989034, 18.795293], [98.988922, 18.795296], [98.988813, 18.795297], [98.988697, 18.795296], [98.98857, 18.795301], [98.988456, 18.795306], [98.988349, 18.795311], [98.988228, 18.795315], [98.988118, 18.795319], [98.988006, 18.795321], [98.987906, 18.795323], [98.987814, 18.795329], [98.987703, 18.795335], [98.987565, 18.795337], [98.98744, 18.795336], [98.987313, 18.795329], [98.987186, 18.795313], [98.987046, 18.795302], [98.986907, 18.795299], [98.986755, 18.795298], [98.986592, 18.795308], [98.98645, 18.795317], [98.986299, 18.795325], [98.986138, 18.795332], [98.985962, 18.795345], [98.985762, 18.795358], [98.98554, 18.795371], [98.985326, 18.795382], [98.985101, 18.795396], [98.984885, 18.795406], [98.984678, 18.795414], [98.984478, 18.795415], [98.984289, 18.795416], [98.984089, 18.795425], [98.9839, 18.795435], [98.983724, 18.795441], [98.983552, 18.795446], [98.983385, 18.795459], [98.983202, 18.795464], [98.982997, 18.795475], [98.982783, 18.795484], [98.982587, 18.795491], [98.982367, 18.795497], [98.982137, 18.795504], [98.981944, 18.795512], [98.981744, 18.795516], [98.981549, 18.795513], [98.981337, 18.795511], [98.98113, 18.795516], [98.980934, 18.795523], [98.980749, 18.79553], [98.980567, 18.795535], [98.980394, 18.795539], [98.9802, 18.795541], [98.980006, 18.795544], [98.979806, 18.79555], [98.979625, 18.795554], [98.979432, 18.795555], [98.979238, 18.795558], [98.979071, 18.795559], [98.978902, 18.795549], [98.978764, 18.7955], [98.978668, 18.795381], [98.978626, 18.795221], [98.978605, 18.795044], [98.978588, 18.794864], [98.978571, 18.794668], [98.978552, 18.794466], [98.978528, 18.794258], [98.978514, 18.794057], [98.978505, 18.793847], [98.978497, 18.793635], [98.978486, 18.793425], [98.978476, 18.793217], [98.978467, 18.793024], [98.978457, 18.792844], [98.978451, 18.792669], [98.978447, 18.792495], [98.978436, 18.792313], [98.978429, 18.792139], [98.978426, 18.791971], [98.978423, 18.791803], [98.978422, 18.791634], [98.978421, 18.791473], [98.978413, 18.791308], [98.978406, 18.791139], [98.978393, 18.790973], [98.978382, 18.790807], [98.978371, 18.790637], [98.978359, 18.790467], [98.97835, 18.7903], [98.978344, 18.790127], [98.978339, 18.78995], [98.978333, 18.789775], [98.978328, 18.789601], [98.978323, 18.789425], [98.978324, 18.789253], [98.97833, 18.789086], [98.978335, 18.788936], [98.978336, 18.788807], [98.978332, 18.788667], [98.978316, 18.788523], [98.978298, 18.788371], [98.978279, 18.788222], [98.978264, 18.788053], [98.97825, 18.78789], [98.978235, 18.787705], [98.978221, 18.787516], [98.978209, 18.787329], [98.978199, 18.787135], [98.978186, 18.78695], [98.978173, 18.78677], [98.97816, 18.786588], [98.97815, 18.786402], [98.978141, 18.786217], [98.978133, 18.786032], [98.978128, 18.785849], [98.978126, 18.785653], [98.97812, 18.785444], [98.978109, 18.78523], [98.9781, 18.78501], [98.978091, 18.784798], [98.978077, 18.784585], [98.978064, 18.784354], [98.978054, 18.784134], [98.978037, 18.783905], [98.978023, 18.783669], [98.97801, 18.783414], [98.977999, 18.783188], [98.97799, 18.782955], [98.977981, 18.782734], [98.977971, 18.782524], [98.977967, 18.782322], [98.977976, 18.782133], [98.97801, 18.781959], [98.978097, 18.781829], [98.978255, 18.781769], [98.978463, 18.781734], [98.978696, 18.78171], [98.978916, 18.781704], [98.97914, 18.781699], [98.979354, 18.781696], [98.97957, 18.781691], [98.979769, 18.781683], [98.979969, 18.781676], [98.980167, 18.781671], [98.980365, 18.781665], [98.980576, 18.781652], [98.980775, 18.781644], [98.980935, 18.78164], [98.981069, 18.781638], [98.981172, 18.781639], [98.981273, 18.781642], [98.981361, 18.781643], [98.981443, 18.781641], [98.981512, 18.78163], [98.981555, 18.781589], [98.981563, 18.781526], [98.981556, 18.781457], [98.981539, 18.78139], [98.981493, 18.781333], [98.981409, 18.781297], [98.981321, 18.781297], [98.981204, 18.781303], [98.981073, 18.7813], [98.980946, 18.781298], [98.980786, 18.781296], [98.980621, 18.781298], [98.980453, 18.781301], [98.980285, 18.781306], [98.980119, 18.78131], [98.979963, 18.781311], [98.979796, 18.781315], [98.97963, 18.781318], [98.979469, 18.781322], [98.979306, 18.781331], [98.979132, 18.781336], [98.978967, 18.781343], [98.978806, 18.781348], [98.978656, 18.781354], [98.978506, 18.781358], [98.978342, 18.781363], [98.978175, 18.781365], [98.978004, 18.781351], [98.977827, 18.781298], [98.977664, 18.781208], [98.977531, 18.78108], [98.977441, 18.780904], [98.97739, 18.78069], [98.977351, 18.780424], [98.977307, 18.780133], [98.977258, 18.779816], [98.977206, 18.779479], [98.977158, 18.779129], [98.977119, 18.778839], [98.977093, 18.778596], [98.977059, 18.778337], [98.977021, 18.778099], [98.976984, 18.777873], [98.976945, 18.777628], [98.976905, 18.777335], [98.976868, 18.777052], [98.976824, 18.776747], [98.976779, 18.776446], [98.976736, 18.776148], [98.976697, 18.775871], [98.97666, 18.775602], [98.976626, 18.77535], [98.976592, 18.775102], [98.976561, 18.774895], [98.976527, 18.774667], [98.976494, 18.77444], [98.97646, 18.774211], [98.976427, 18.773974], [98.976396, 18.773749], [98.976361, 18.773521], [98.976327, 18.773284], [98.976291, 18.773047], [98.976254, 18.772792], [98.976214, 18.772508], [98.976168, 18.772197], [98.97612, 18.771893], [98.976071, 18.771602], [98.976025, 18.771326], [98.975985, 18.771071], [98.975954, 18.770838], [98.975918, 18.770598], [98.9759, 18.770392], [98.975925, 18.770176], [98.976016, 18.769967], [98.976174, 18.769773], [98.976395, 18.769613], [98.97664, 18.769467], [98.976874, 18.769326], [98.977095, 18.769197], [98.977303, 18.769085], [98.977506, 18.76899], [98.977721, 18.7689], [98.977961, 18.768809], [98.978216, 18.768723], [98.978461, 18.768642], [98.978699, 18.768565], [98.97894, 18.768492], [98.97918, 18.76842], [98.979422, 18.768354], [98.979668, 18.768293], [98.979915, 18.768238], [98.980165, 18.768189], [98.980414, 18.76815], [98.980672, 18.76811], [98.980942, 18.768068], [98.981195, 18.76803], [98.981424, 18.767996], [98.981643, 18.767967], [98.981902, 18.767937], [98.982191, 18.767907], [98.982451, 18.767871], [98.982684, 18.767837], [98.982903, 18.767807], [98.983098, 18.767782], [98.983272, 18.767763], [98.983455, 18.767739], [98.98366, 18.767707], [98.98387, 18.767673], [98.984077, 18.767633], [98.984295, 18.767592], [98.984508, 18.767543], [98.984735, 18.767486], [98.984981, 18.767422], [98.985242, 18.767348], [98.985512, 18.767265], [98.985767, 18.767178], [98.986026, 18.767094], [98.986286, 18.76701], [98.986554, 18.766925], [98.986821, 18.766839], [98.987087, 18.76675], [98.98734, 18.766665], [98.98758, 18.766581], [98.987809, 18.766501], [98.98803, 18.766425], [98.988229, 18.766358], [98.988416, 18.766298], [98.988591, 18.766239], [98.988767, 18.766181], [98.988952, 18.766122], [98.989155, 18.766058], [98.989362, 18.765988], [98.989575, 18.765915], [98.989774, 18.765846], [98.989974, 18.765778], [98.990179, 18.765707], [98.990367, 18.765631], [98.990539, 18.765553], [98.990706, 18.765475], [98.990877, 18.765385], [98.991041, 18.765292], [98.991212, 18.765187], [98.991393, 18.765065], [98.99157, 18.764939], [98.991728, 18.764819], [98.991883, 18.764697], [98.992034, 18.764578], [98.992189, 18.764453], [98.992356, 18.764316], [98.992528, 18.764177], [98.992691, 18.764045], [98.992853, 18.763912], [98.993015, 18.76378], [98.993182, 18.763644], [98.99335, 18.763508], [98.993524, 18.763368], [98.993697, 18.763226], [98.993863, 18.763086], [98.99403, 18.762946], [98.994203, 18.762806], [98.994385, 18.762657], [98.994582, 18.762493], [98.994805, 18.762306], [98.995026, 18.76212], [98.995253, 18.761934], [98.995473, 18.761756], [98.995689, 18.761582], [98.995912, 18.761398], [98.996138, 18.76121], [98.996356, 18.761031], [98.996554, 18.760869], [98.996739, 18.760723], [98.996935, 18.760577], [98.997136, 18.760425], [98.997332, 18.760267], [98.997527, 18.760108], [98.997722, 18.759951], [98.997907, 18.759797], [98.998082, 18.759646], [98.998243, 18.759512], [98.998399, 18.759378], [98.998539, 18.75925], [98.998681, 18.759117], [98.99885, 18.758968], [98.999033, 18.758805], [98.999201, 18.75865], [98.999365, 18.758494], [98.999523, 18.758336], [98.999685, 18.758171], [98.999866, 18.757994], [99.000052, 18.757815], [99.000241, 18.757634], [99.000433, 18.757463], [99.00065, 18.757309], [99.00089, 18.757179], [99.001147, 18.757077], [99.001422, 18.757002], [99.001713, 18.756966], [99.002008, 18.756967], [99.002291, 18.757004], [99.002556, 18.757058], [99.0028, 18.757113], [99.003049, 18.757164], [99.003314, 18.757216], [99.003596, 18.757276], [99.003894, 18.757341], [99.004201, 18.757409], [99.004511, 18.757476], [99.00482, 18.757549], [99.005142, 18.757624], [99.005486, 18.757704], [99.005834, 18.757783], [99.006166, 18.757859], [99.006483, 18.757932], [99.006803, 18.758005], [99.007123, 18.758082], [99.007439, 18.758159], [99.007741, 18.758232], [99.00803, 18.7583], [99.008312, 18.758365], [99.008594, 18.758426], [99.008886, 18.758486], [99.009185, 18.758539], [99.009479, 18.758583], [99.009767, 18.758627], [99.010056, 18.758669], [99.010347, 18.758712], [99.010632, 18.758753], [99.010906, 18.758789], [99.011184, 18.758827], [99.011464, 18.758868], [99.011757, 18.758906], [99.012061, 18.758946], [99.01236, 18.758986], [99.012642, 18.759027], [99.012932, 18.759067], [99.013256, 18.759112], [99.013585, 18.759161], [99.013914, 18.759222], [99.014245, 18.759301], [99.01458, 18.759394], [99.014898, 18.759497], [99.015196, 18.759598], [99.01548, 18.7597], [99.015746, 18.759796], [99.015998, 18.759887], [99.01626, 18.759983], [99.016534, 18.760083], [99.016809, 18.760188], [99.017078, 18.760291], [99.017344, 18.760387], [99.017607, 18.760476], [99.017856, 18.760563], [99.018138, 18.760665], [99.018433, 18.760773], [99.01871, 18.760873], [99.018978, 18.760971], [99.01924, 18.761069], [99.019504, 18.761165], [99.019752, 18.761253], [99.020002, 18.761341], [99.020249, 18.761428], [99.020497, 18.761517], [99.020744, 18.761605], [99.020987, 18.761692], [99.021229, 18.761776], [99.021481, 18.761867], [99.021746, 18.761966], [99.022007, 18.762065], [99.022271, 18.762161], [99.022537, 18.762259], [99.0228, 18.762358], [99.023061, 18.762454], [99.023324, 18.762552], [99.023592, 18.762653], [99.023855, 18.762751], [99.02412, 18.762846], [99.024378, 18.762939], [99.024634, 18.763029], [99.024887, 18.76312], [99.025148, 18.763212], [99.02541, 18.763303], [99.025666, 18.763396], [99.025915, 18.763488], [99.026146, 18.763573], [99.026358, 18.763651], [99.026603, 18.763739], [99.026883, 18.76384], [99.027165, 18.763942], [99.027453, 18.764044], [99.027736, 18.764147], [99.028015, 18.764247], [99.028284, 18.764347], [99.028557, 18.764446], [99.028849, 18.764546], [99.029167, 18.764646], [99.029514, 18.764749], [99.029871, 18.764846], [99.030237, 18.764938], [99.030605, 18.76503], [99.030967, 18.765116], [99.031315, 18.765198], [99.031662, 18.76528], [99.031998, 18.765356], [99.032321, 18.765429], [99.032647, 18.765482], [99.032977, 18.765504], [99.033331, 18.765513], [99.033738, 18.765521], [99.034153, 18.765526], [99.034538, 18.765527], [99.034887, 18.765498], [99.035227, 18.765442], [99.035564, 18.765366], [99.035894, 18.765264], [99.036223, 18.765135], [99.036496, 18.765003], [99.036764, 18.764849], [99.037013, 18.764689], [99.037239, 18.764535], [99.037455, 18.764399], [99.037665, 18.764279], [99.037872, 18.764154], [99.03807, 18.764018], [99.038248, 18.76389], [99.038418, 18.763784], [99.038561, 18.763727], [99.038682, 18.763742], [99.038762, 18.763834], [99.038833, 18.763988], [99.038908, 18.764197], [99.038983, 18.764428], [99.039052, 18.764648], [99.039118, 18.764861], [99.039177, 18.765074], [99.039245, 18.765315], [99.039314, 18.765546], [99.03939, 18.765767], [99.039475, 18.766017], [99.039547, 18.766243], [99.039613, 18.766443], [99.03967, 18.766623], [99.039724, 18.766795], [99.039772, 18.766956], [99.039821, 18.767125], [99.039866, 18.767279]]}}, {"type": "Feature", "properties": {"session": "2026-09-23", "metres_shown": 11590, "metres_ridden": 13506, "note": "ends trimmed"}, "geometry": {"type": "LineString", "coordinates": [[99.041503, 18.77264], [99.041385, 18.772218], [99.04127, 18.771778], [99.041157, 18.771337], [99.041043, 18.77092], [99.040939, 18.770532], [99.040834, 18.770143], [99.040721, 18.769746], [99.040611, 18.769347], [99.0405, 18.76895], [99.040393, 18.76856], [99.040298, 18.768193], [99.040218, 18.767861], [99.040143, 18.767556], [99.040063, 18.767251], [99.039979, 18.766951], [99.039905, 18.766678], [99.039831, 18.76641], [99.039763, 18.766136], [99.039703, 18.765863], [99.039642, 18.765588], [99.039578, 18.765323], [99.039513, 18.765061], [99.039442, 18.7648], [99.039373, 18.764545], [99.039311, 18.764285], [99.039247, 18.764042], [99.039184, 18.763828], [99.039127, 18.763644], [99.039086, 18.763506], [99.03906, 18.763423], [99.039047, 18.763383], [99.039044, 18.763375], [99.039045, 18.763375], [99.039043, 18.763374], [99.039043, 18.763374], [99.039044, 18.763374], [99.039044, 18.763373], [99.039044, 18.763373], [99.039045, 18.763373], [99.039045, 18.763373], [99.039046, 18.763372], [99.039046, 18.763372], [99.039047, 18.763372], [99.039047, 18.763372], [99.039047, 18.763371], [99.039047, 18.763371], [99.039047, 18.763371], [99.039047, 18.76337], [99.039046, 18.76337], [99.039047, 18.76337], [99.039046, 18.76337], [99.039046, 18.76337], [99.039046, 18.76337], [99.039046, 18.763369], [99.039046, 18.763369], [99.039047, 18.763369], [99.039047, 18.763369], [99.039048, 18.763368], [99.039048, 18.763368], [99.039048, 18.763367], [99.039048, 18.763367], [99.039048, 18.763367], [99.039047, 18.763365], [99.039045, 18.763361], [99.039042, 18.763356], [99.03904, 18.763353], [99.03904, 18.763353], [99.03904, 18.763353], [99.03904, 18.763353], [99.039039, 18.763353], [99.03904, 18.763352], [99.039039, 18.763352], [99.039039, 18.763352], [99.039039, 18.763352], [99.039038, 18.763352], [99.039038, 18.763352], [99.039037, 18.763352], [99.039037, 18.763352], [99.039036, 18.763352], [99.039036, 18.763352], [99.039036, 18.763352], [99.039036, 18.763352], [99.039036, 18.763352], [99.039036, 18.763352], [99.039036, 18.763352], [99.039036, 18.763352], [99.039035, 18.763352], [99.039036, 18.763352], [99.039036, 18.763353], [99.039036, 18.763353], [99.039036, 18.763354], [99.039035, 18.763354], [99.039035, 18.763355], [99.039035, 18.763356], [99.039035, 18.763357], [99.039035, 18.763357], [99.039036, 18.763358], [99.039036, 18.763359], [99.039037, 18.763359], [99.039037, 18.76336], [99.039037, 18.763361], [99.039032, 18.763388], [99.03903, 18.763394], [99.039029, 18.763393], [99.03901, 18.763316], [99.038929, 18.763233], [99.038785, 18.763215], [99.038626, 18.763279], [99.038436, 18.763421], [99.038181, 18.763612], [99.037872, 18.763839], [99.037512, 18.764107], [99.037149, 18.764374], [99.036799, 18.764617], [99.036428, 18.764834], [99.036027, 18.76502], [99.0356, 18.765168], [99.035166, 18.765276], [99.034729, 18.765338], [99.034273, 18.765359], [99.03379, 18.765358], [99.033324, 18.76536], [99.032878, 18.765351], [99.032447, 18.765299], [99.032022, 18.765207], [99.031574, 18.765099], [99.031124, 18.764985], [99.030689, 18.764877], [99.030258, 18.764767], [99.029828, 18.764656], [99.029412, 18.764542], [99.029031, 18.764434], [99.028663, 18.764313], [99.028287, 18.764181], [99.027884, 18.764044], [99.027437, 18.763893], [99.026942, 18.763715], [99.026424, 18.763522], [99.025939, 18.76334], [99.025471, 18.763163], [99.025085, 18.763029], [99.024729, 18.762915], [99.024382, 18.762793], [99.024031, 18.762665], [99.02366, 18.762532], [99.023274, 18.762392], [99.0229, 18.762256], [99.022531, 18.762122], [99.022156, 18.761988], [99.021796, 18.761857], [99.021434, 18.761724], [99.021072, 18.761592], [99.020724, 18.761465], [99.020381, 18.761342], [99.020046, 18.761221], [99.019719, 18.761105], [99.019393, 18.760988], [99.019069, 18.76087], [99.018754, 18.760758], [99.018433, 18.760645], [99.018112, 18.760528], [99.0178, 18.760416], [99.017487, 18.760304], [99.017162, 18.760185], [99.016832, 18.760066], [99.0165, 18.759948], [99.016167, 18.759825], [99.015835, 18.759701], [99.015484, 18.759572], [99.015141, 18.759448], [99.014787, 18.759325], [99.014415, 18.759215], [99.014023, 18.759119], [99.013628, 18.75904], [99.01324, 18.75898], [99.012849, 18.75893], [99.012445, 18.758877], [99.012016, 18.758821], [99.011568, 18.758759], [99.011105, 18.758695], [99.010677, 18.758635], [99.010205, 18.758571], [99.009741, 18.758506], [99.009296, 18.758438], [99.008851, 18.758354], [99.008405, 18.758261], [99.007982, 18.758165], [99.00752, 18.758054], [99.007072, 18.757951], [99.006626, 18.75785], [99.006184, 18.757747], [99.005727, 18.757641], [99.00527, 18.757533], [99.004814, 18.757427], [99.004358, 18.757321], [99.003925, 18.757221], [99.003438, 18.75711], [99.002984, 18.757007], [99.002543, 18.756907], [99.002122, 18.756833], [99.001704, 18.75682], [99.001302, 18.756882], [99.000939, 18.757005], [99.000611, 18.757182], [99.000283, 18.757433], [98.999962, 18.757742], [98.999665, 18.758032], [98.999403, 18.758286], [98.999109, 18.758566], [98.998843, 18.758812], [98.9986, 18.759029], [98.998319, 18.759275], [98.998055, 18.759499], [98.997784, 18.759725], [98.997489, 18.759968], [98.997187, 18.760216], [98.996887, 18.760461], [98.996606, 18.760686], [98.996331, 18.76091], [98.996051, 18.761138], [98.995781, 18.761357], [98.995532, 18.761562], [98.995271, 18.761776], [98.995031, 18.761972], [98.994755, 18.762197], [98.994485, 18.762419], [98.994223, 18.762634], [98.993926, 18.762873], [98.99367, 18.763082], [98.993449, 18.763261], [98.993224, 18.763445], [98.992999, 18.763627], [98.992761, 18.763819], [98.992524, 18.764008], [98.992295, 18.764194], [98.992049, 18.764395], [98.991814, 18.764588], [98.991578, 18.764777], [98.99135, 18.764942], [98.991085, 18.765114], [98.990824, 18.765262], [98.99056, 18.765394], [98.990264, 18.765522], [98.989967, 18.765629], [98.989631, 18.765744], [98.9893, 18.765855], [98.988986, 18.765959], [98.988642, 18.766076], [98.988316, 18.766187], [98.988005, 18.76629], [98.987696, 18.766395], [98.987378, 18.766502], [98.987071, 18.766606], [98.986759, 18.76671], [98.986447, 18.766813], [98.986151, 18.766911], [98.985829, 18.767018], [98.985533, 18.767118], [98.985242, 18.767209], [98.984944, 18.767295], [98.984636, 18.767373], [98.984326, 18.767443], [98.983967, 18.767514], [98.983613, 18.767575], [98.98325, 18.767629], [98.982892, 18.767679], [98.982551, 18.767726], [98.982223, 18.767769], [98.981901, 18.767813], [98.981604, 18.767854], [98.981369, 18.767883], [98.981105, 18.767916], [98.980759, 18.76796], [98.980399, 18.768011], [98.98, 18.768086], [98.979626, 18.768176], [98.979281, 18.768268], [98.978912, 18.768373], [98.978571, 18.768476], [98.978276, 18.768565], [98.977971, 18.768661], [98.977683, 18.76877], [98.977408, 18.76889], [98.977123, 18.769035], [98.976824, 18.769202], [98.976556, 18.769358], [98.976285, 18.769524], [98.97607, 18.769701], [98.975897, 18.769944], [98.975812, 18.77022], [98.975818, 18.770517], [98.975871, 18.770816], [98.975921, 18.771121], [98.975968, 18.77142], [98.976021, 18.771748], [98.976071, 18.772055], [98.976119, 18.77237], [98.976161, 18.772695], [98.97621, 18.773054], [98.976261, 18.773402], [98.976307, 18.773729], [98.97634, 18.774013], [98.976367, 18.774344], [98.976408, 18.774681], [98.976451, 18.77498], [98.976499, 18.775297], [98.976543, 18.775585], [98.976583, 18.775859], [98.976623, 18.776135], [98.976662, 18.776408], [98.976696, 18.776675], [98.976735, 18.777011], [98.976781, 18.777337], [98.976831, 18.777664], [98.976883, 18.777979], [98.976939, 18.778321], [98.977, 18.778669], [98.977055, 18.779015], [98.977109, 18.779369], [98.977161, 18.779719], [98.97721, 18.78005], [98.977259, 18.780382], [98.977311, 18.780705], [98.977365, 18.781032], [98.977419, 18.781374], [98.977473, 18.781679], [98.977529, 18.782001], [98.977566, 18.782326], [98.977583, 18.782644], [98.9776, 18.782959], [98.977617, 18.783258], [98.977628, 18.783527], [98.977642, 18.783779], [98.977659, 18.784046], [98.977674, 18.784316], [98.977689, 18.784553], [98.977696, 18.78476], [98.977707, 18.785], [98.977713, 18.785232], [98.97772, 18.785454], [98.97773, 18.785674], [98.977744, 18.785908], [98.977758, 18.786164], [98.977768, 18.786406], [98.977784, 18.786658], [98.977795, 18.786902], [98.977807, 18.78717], [98.977822, 18.787442], [98.977837, 18.787712], [98.97785, 18.787976], [98.977862, 18.788235], [98.977875, 18.788488], [98.977875, 18.788724], [98.977876, 18.788946], [98.977887, 18.789192], [98.977903, 18.789423], [98.977918, 18.789667], [98.977925, 18.789906], [98.977937, 18.790121], [98.977947, 18.790305], [98.977959, 18.790501], [98.977975, 18.790671], [98.977993, 18.790804], [98.978, 18.790944], [98.978001, 18.791057], [98.978003, 18.791163], [98.978008, 18.791259], [98.978037, 18.791353], [98.978116, 18.791403], [98.978205, 18.791405], [98.978287, 18.791364], [98.978334, 18.791271], [98.978346, 18.791163], [98.978349, 18.791052], [98.978352, 18.790917], [98.978361, 18.790763], [98.978363, 18.790617], [98.978365, 18.790479], [98.97837, 18.790316], [98.978363, 18.790133], [98.978349, 18.78997], [98.978342, 18.789848], [98.978343, 18.789782], [98.978347, 18.789739], [98.978389, 18.789698], [98.978471, 18.789685], [98.978567, 18.789681], [98.978684, 18.789675], [98.978805, 18.789668], [98.978925, 18.789662], [98.97904, 18.789654], [98.979145, 18.789647], [98.979247, 18.789644], [98.979343, 18.789638], [98.979431, 18.789634], [98.979541, 18.789631], [98.979634, 18.789624], [98.979728, 18.789616], [98.979812, 18.789609], [98.979886, 18.789605], [98.979973, 18.789598], [98.98007, 18.789589], [98.980176, 18.789584], [98.980314, 18.789571], [98.980471, 18.789565], [98.980668, 18.78956], [98.980889, 18.789543], [98.981101, 18.789528], [98.981318, 18.789517], [98.981535, 18.789497], [98.981746, 18.789483], [98.981933, 18.789484], [98.982086, 18.789486], [98.982188, 18.789487], [98.982249, 18.789487], [98.982296, 18.789479], [98.982331, 18.789476], [98.982364, 18.789476], [98.982392, 18.78948], [98.982427, 18.789517], [98.982437, 18.789617], [98.982425, 18.78973], [98.982413, 18.78986], [98.982401, 18.789976], [98.982381, 18.790086], [98.982363, 18.790185], [98.982344, 18.790284], [98.982332, 18.790387], [98.98232, 18.790517], [98.982305, 18.790637], [98.98229, 18.790753]]}}]}